id,file,line,screens,tag,label,classification,mappedOutcome,patterns,sharedExit,reachability,status,exclusion
C--tabs-following-FollowingScreen-001,app/(tabs)/following.tsx,104,S08,Pressable,"`Browse players, ${watchCount} watched`",control template,onPress: () => router.push('/(tabs)/players'),ST01; ST03; ST18; ST19,Tabs; team-detail Back to League loses Following origin,route import graph — rendering conditions need inspection,code-inspected surface; control syntax extracted; full per-state semantics need validation,
C--tabs-following-FollowingScreen-002,app/(tabs)/following.tsx,153,S08,Pressable,`Open ${team.name} team detail`,control template,"onPress: () => router.push({ pathname: '/(tabs)/teams', params: { team: team.abbrev } })",ST01; ST03; ST18; ST19,Tabs; team-detail Back to League loses Following origin,route import graph — rendering conditions need inspection,code-inspected surface; control syntax extracted; full per-state semantics need validation,
C--tabs-following-FollowingScreen-003,app/(tabs)/following.tsx,158,S08,Pressable,`Make ${team.name} home team`,control template,"onPress: () => void runTeamAction(team, 'home')",ST01; ST03; ST18; ST19,Tabs; team-detail Back to League loses Following origin,route import graph — rendering conditions need inspection,code-inspected surface; control syntax extracted; full per-state semantics need validation,
C--tabs-following-FollowingScreen-004,app/(tabs)/following.tsx,173,S08,ArenaButton,isFollowed ? 'Unfollow' : 'Follow',control template,"onPress: () => void runTeamAction(team, isFollowed ? 'unfollow' : 'follow')",ST01; ST03; ST18; ST19,Tabs; team-detail Back to League loses Following origin,route import graph — rendering conditions need inspection,code-inspected surface; control syntax extracted; full per-state semantics need validation,
C--tabs-models-ModelsScreen-001,app/(tabs)/models.tsx,129,S16,Pressable,Enable Backtesting / Download historical data to test your models / →,control template,onPress: () => setSeedingModalVisible(true),ST03; ST04; ST11,Visible tabs only; no app header/back; does not control Arena ML forecasts,route import graph — rendering conditions need inspection,code-inspected surface; control syntax extracted; full per-state semantics need validation,
C--tabs-models-ModelsScreen-002,app/(tabs)/models.tsx,151,S16,ModelList,[no explicit label],component callback binding,onEditModel: handleEditModel; onNewModel: handleNewModel,ST03; ST04; ST11,Visible tabs only; no app header/back; does not control Arena ML forecasts,route import graph — rendering conditions need inspection,code-inspected surface; control syntax extracted; full per-state semantics need validation,
C--tabs-models-ModelsScreen-003,app/(tabs)/models.tsx,159,S16,Modal,[no explicit label],surface exit,onRequestClose: handleCancelEdit,ST03; ST04; ST11,Visible tabs only; no app header/back; does not control Arena ML forecasts,route import graph — rendering conditions need inspection,code-inspected surface; control syntax extracted; full per-state semantics need validation,
C--tabs-models-ModelsScreen-004,app/(tabs)/models.tsx,165,S16,ModelEditScreen,[no explicit label],component callback binding,onSave: handleSaveModel; onCancel: handleCancelEdit,ST03; ST04; ST11,Visible tabs only; no app header/back; does not control Arena ML forecasts,route import graph — rendering conditions need inspection,code-inspected surface; control syntax extracted; full per-state semantics need validation,
C--tabs-models-ModelsScreen-005,app/(tabs)/models.tsx,174,S16,DataSeedingModal,[no explicit label],component callback binding,onClose: () => setSeedingModalVisible(false); onSeedingComplete: handleSeedingComplete,ST03; ST04; ST11,Visible tabs only; no app header/back; does not control Arena ML forecasts,route import graph — rendering conditions need inspection,code-inspected surface; control syntax extracted; full per-state semantics need validation,
C--tabs-players-renderSearchResult-001,app/(tabs)/players.tsx,270,S10; S11,TouchableOpacity,/,control template,onPress: () => handlePlayerTap(item.playerId),ST02; ST04; ST05; ST06; ST07; ST08; ST12; ST17; ST18; ST19,Tabs; detail closes into existing list | Clear exits search; no distinct Cancel label; outdated results can race,route import graph — rendering conditions need inspection,code-inspected surface; control syntax extracted; full per-state semantics need validation,
C--tabs-players-PlayersScreen-001,app/(tabs)/players.tsx,318,S10; S11,TextInput,Search players...,control template,onChangeText: handleSearchChange,ST02; ST04; ST05; ST06; ST07; ST08; ST12; ST17; ST18; ST19,Tabs; detail closes into existing list | Clear exits search; no distinct Cancel label; outdated results can race,route import graph — rendering conditions need inspection,code-inspected surface; control syntax extracted; full per-state semantics need validation,
C--tabs-players-PlayersScreen-002,app/(tabs)/players.tsx,330,S10; S11,TouchableOpacity,search-clear-button,control template,onPress: clearSearch,ST02; ST04; ST05; ST06; ST07; ST08; ST12; ST17; ST18; ST19,Tabs; detail closes into existing list | Clear exits search; no distinct Cancel label; outdated results can race,route import graph — rendering conditions need inspection,code-inspected surface; control syntax extracted; full per-state semantics need validation,
C--tabs-players-PlayersScreen-003,app/(tabs)/players.tsx,364,S10; S11,PlayerDetailModal,[no explicit label],component callback binding,onClose: handleDetailModalClose,ST02; ST04; ST05; ST06; ST07; ST08; ST12; ST17; ST18; ST19,Tabs; detail closes into existing list | Clear exits search; no distinct Cancel label; outdated results can race,route import graph — rendering conditions need inspection,code-inspected surface; control syntax extracted; full per-state semantics need validation,
C--tabs-players-PlayersScreen-004,app/(tabs)/players.tsx,385,S10; S11,Pressable,Search any player,control template,onPress: () => setIsSearchActive(true),ST02; ST04; ST05; ST06; ST07; ST08; ST12; ST17; ST18; ST19,Tabs; detail closes into existing list | Clear exits search; no distinct Cancel label; outdated results can race,route import graph — rendering conditions need inspection,code-inspected surface; control syntax extracted; full per-state semantics need validation,
C--tabs-players-PlayersScreen-005,app/(tabs)/players.tsx,404,S10; S11,TouchableOpacity,`category-chip-${cat.key}`,control template,onPress: () => handleCategoryChange(cat.key),ST02; ST04; ST05; ST06; ST07; ST08; ST12; ST17; ST18; ST19,Tabs; detail closes into existing list | Clear exits search; no distinct Cancel label; outdated results can race,route import graph — rendering conditions need inspection,code-inspected surface; control syntax extracted; full per-state semantics need validation,
C--tabs-players-PlayersScreen-006,app/(tabs)/players.tsx,426,S10; S11,RefreshControl,[no explicit label],control template,onRefresh: handleRefresh,ST02; ST04; ST05; ST06; ST07; ST08; ST12; ST17; ST18; ST19,Tabs; detail closes into existing list | Clear exits search; no distinct Cancel label; outdated results can race,route import graph — rendering conditions need inspection,code-inspected surface; control syntax extracted; full per-state semantics need validation,
C--tabs-players-PlayersScreen-007,app/(tabs)/players.tsx,525,S10; S11,Pressable,. / · / Points / + / % vs avg / GAME POINT STREAK,control template,onPress: () => handlePlayerTap(item.playerId),ST02; ST04; ST05; ST06; ST07; ST08; ST12; ST17; ST18; ST19,Tabs; detail closes into existing list | Clear exits search; no distinct Cancel label; outdated results can race,route import graph — rendering conditions need inspection,code-inspected surface; control syntax extracted; full per-state semantics need validation,
C--tabs-players-PlayersScreen-008,app/(tabs)/players.tsx,582,S10; S11,PlayerProjectionCard,[no explicit label],component callback binding,onPress: handlePlayerTap,ST02; ST04; ST05; ST06; ST07; ST08; ST12; ST17; ST18; ST19,Tabs; detail closes into existing list | Clear exits search; no distinct Cancel label; outdated results can race,route import graph — rendering conditions need inspection,code-inspected surface; control syntax extracted; full per-state semantics need validation,
C--tabs-players-PlayersScreen-009,app/(tabs)/players.tsx,600,S10; S11,FantasyProjectionRow,[no explicit label],component callback binding,onPress: handlePlayerTap,ST02; ST04; ST05; ST06; ST07; ST08; ST12; ST17; ST18; ST19,Tabs; detail closes into existing list | Clear exits search; no distinct Cancel label; outdated results can race,route import graph — rendering conditions need inspection,code-inspected surface; control syntax extracted; full per-state semantics need validation,
C--tabs-players-PlayersScreen-010,app/(tabs)/players.tsx,620,S10; S11,HeroLeaderCard,[no explicit label],component callback binding,onPress: handlePlayerTap,ST02; ST04; ST05; ST06; ST07; ST08; ST12; ST17; ST18; ST19,Tabs; detail closes into existing list | Clear exits search; no distinct Cancel label; outdated results can race,route import graph — rendering conditions need inspection,code-inspected surface; control syntax extracted; full per-state semantics need validation,
C--tabs-players-PlayersScreen-011,app/(tabs)/players.tsx,629,S10; S11,ElevatedPlayerRow,[no explicit label],component callback binding,onPress: handlePlayerTap,ST02; ST04; ST05; ST06; ST07; ST08; ST12; ST17; ST18; ST19,Tabs; detail closes into existing list | Clear exits search; no distinct Cancel label; outdated results can race,route import graph — rendering conditions need inspection,code-inspected surface; control syntax extracted; full per-state semantics need validation,
C--tabs-players-PlayersScreen-012,app/(tabs)/players.tsx,644,S10; S11,CompactPlayerRow,[no explicit label],component callback binding,onPress: handlePlayerTap,ST02; ST04; ST05; ST06; ST07; ST08; ST12; ST17; ST18; ST19,Tabs; detail closes into existing list | Clear exits search; no distinct Cancel label; outdated results can race,route import graph — rendering conditions need inspection,code-inspected surface; control syntax extracted; full per-state semantics need validation,
C--tabs-players-PlayersScreen-013,app/(tabs)/players.tsx,668,S10; S11,GoalieSpotlightCard,[no explicit label],component callback binding,onPress: handlePlayerTap,ST02; ST04; ST05; ST06; ST07; ST08; ST12; ST17; ST18; ST19,Tabs; detail closes into existing list | Clear exits search; no distinct Cancel label; outdated results can race,route import graph — rendering conditions need inspection,code-inspected surface; control syntax extracted; full per-state semantics need validation,
C--tabs-players-PlayersScreen-014,app/(tabs)/players.tsx,684,S10; S11,CompactPlayerRow,[no explicit label],component callback binding,onPress: handlePlayerTap,ST02; ST04; ST05; ST06; ST07; ST08; ST12; ST17; ST18; ST19,Tabs; detail closes into existing list | Clear exits search; no distinct Cancel label; outdated results can race,route import graph — rendering conditions need inspection,code-inspected surface; control syntax extracted; full per-state semantics need validation,
C--tabs-players-PlayersScreen-015,app/(tabs)/players.tsx,715,S10; S11,PlayerDetailModal,[no explicit label],component callback binding,onClose: handleDetailModalClose,ST02; ST04; ST05; ST06; ST07; ST08; ST12; ST17; ST18; ST19,Tabs; detail closes into existing list | Clear exits search; no distinct Cancel label; outdated results can race,route import graph — rendering conditions need inspection,code-inspected surface; control syntax extracted; full per-state semantics need validation,
C--tabs-stats-LeagueScreen-001,app/(tabs)/stats.tsx,89,S13,Pressable,`league-view-${item}`,control template,onPress: () => setView(item),ST04; ST05; ST06; ST07; ST08; ST17,Tabs; hidden model route has no dedicated return control,route import graph — rendering conditions need inspection,code-inspected surface; control syntax extracted; full per-state semantics need validation,
C--tabs-stats-LeagueScreen-002,app/(tabs)/stats.tsx,111,S13,RefreshControl,[no explicit label],control template,onRefresh: () => void loadStandings(true),ST04; ST05; ST06; ST07; ST08; ST17,Tabs; hidden model route has no dedicated return control,route import graph — rendering conditions need inspection,code-inspected surface; control syntax extracted; full per-state semantics need validation,
C--tabs-stats-LeagueScreen-003,app/(tabs)/stats.tsx,118,S13,ArenaButton,Models,control template,onPress: () => router.push('/(tabs)/models'),ST04; ST05; ST06; ST07; ST08; ST17,Tabs; hidden model route has no dedicated return control,route import graph — rendering conditions need inspection,code-inspected surface; control syntax extracted; full per-state semantics need validation,
C--tabs-stats-LeagueScreen-004,app/(tabs)/stats.tsx,152,S13,Pressable,`Open ${standing.team_abbrev} team detail`,control template,"onPress: () => router.push({ pathname: '/(tabs)/teams', params: { team: standing.team_abbrev } })",ST04; ST05; ST06; ST07; ST08; ST17,Tabs; hidden model route has no dedicated return control,route import graph — rendering conditions need inspection,code-inspected surface; control syntax extracted; full per-state semantics need validation,
C--tabs-teams-TeamDetailScreen-001,app/(tabs)/teams.tsx,41,S14,ArenaButton,Compare this team,control template,"onPress: () => router.push({ pathname:'/(tabs)/stats', params:{teamA:team!} })",ST04; ST05; ST06; ST07; ST17,Pushes League regardless of entry origin; no direct retry,route import graph — rendering conditions need inspection,code-inspected surface; control syntax extracted; full per-state semantics need validation,
C--tabs-teams-TeamDetailScreen-002,app/(tabs)/teams.tsx,43,S14,ArenaButton,Back to League,control template,onPress: () => router.push('/(tabs)/stats'),ST04; ST05; ST06; ST07; ST17,Pushes League regardless of entry origin; no direct retry,route import graph — rendering conditions need inspection,code-inspected surface; control syntax extracted; full per-state semantics need validation,
C--not-found-NotFoundScreen-001,app/+not-found.tsx,13,S27,Link,Go to home screen!,control template,Navigate to /,ST17,Home link and root stack behavior; Arena style not adopted,route import graph — rendering conditions need inspection,code-inspected surface; control syntax extracted; full per-state semantics need validation,
C--layout-AppContent-001,app/_layout.tsx,43,S01,ArenaOnboarding,[no explicit label],component callback binding,onComplete: handleOnboardingComplete; onApple: signInWithApple; onGoogle: signInWithGoogle,ST01; ST03; ST19,No back; authentication can cancel. Local flag read rejection has no UI recovery,route import graph — rendering conditions need inspection,code-inspected surface; control syntax extracted; full per-state semantics need validation,
C-AccuracyTracker-AccuracyTracker-001,components/AccuracyTracker.tsx,145,,Pressable,Share My Stats,control template,onPress: handleShare,,,no route import path — excluded from current navigation,code-extracted; excluded or callback infrastructure,"No path from current route import graph; retain as legacy source inventory, not active app functionality."
C-AllGamesCard-AllGamesCardComponent-001,components/AllGamesCard.tsx,197,,Pressable,@ / % / %,control template,"onPress: () => { Haptics.impactAsync(Haptics.ImpactFeedbackStyle.Light); onPress(); }; onPressIn: () => { scale.value = withSpring(0.97, { damping: 15, stiffness: 150 }); }; onPressOut: () => { scale.value = withSpring(1, { damping: 15, stiffness: 150 }); }",,,no route import path — excluded from current navigation,code-extracted; excluded or callback infrastructure,"No path from current route import graph; retain as legacy source inventory, not active app functionality."
C-AllGamesCard-AllGamesCardComponent-002,components/AllGamesCard.tsx,276,,ConfidenceBadge,[no explicit label],component callback binding,onInfoPress: onInfoPress,,,no route import path — excluded from current navigation,code-extracted; excluded or callback infrastructure,"No path from current route import graph; retain as legacy source inventory, not active app functionality."
C-AllGamesCard-AllGamesCardComponent-003,components/AllGamesCard.tsx,340,,Pressable,[no explicit label],control template,onPress: onShare,,,no route import path — excluded from current navigation,code-extracted; excluded or callback infrastructure,"No path from current route import graph; retain as legacy source inventory, not active app functionality."
C-CompactGameRow-CompactGameRowComponent-001,components/CompactGameRow.tsx,52,,Pressable,@ / LIVE,control template,"onPress: () => {
          Haptics.impactAsync(Haptics.ImpactFeedbackStyle.Light);
          onPress();
        }",,,no route import path — excluded from current navigation,code-extracted; excluded or callback infrastructure,"No path from current route import graph; retain as legacy source inventory, not active app functionality."
C-CompactPlayerRow-module-001,components/CompactPlayerRow.tsx,45,S10,Pressable,`compact-row-${player.playerId}`,control template,onPress: handlePress,ST02; ST04; ST05; ST06; ST07; ST08; ST12; ST17; ST19,Tabs; detail closes into existing list,route import graph — rendering conditions need inspection,code-inspected surface; control syntax extracted; full per-state semantics need validation,
C-ConfidenceBadge-ConfidenceBadge-001,components/ConfidenceBadge.tsx,63,,Pressable,confidence-badge,control template,onLongPress: () => onInfoPress(glossaryKey),,,no route import path — excluded from current navigation,code-extracted; excluded or callback infrastructure,"No path from current route import graph; retain as legacy source inventory, not active app functionality."
C-DataSeedingModal-DataSeedingModal-001,components/DataSeedingModal.tsx,127,S21,Modal,Successfully loaded / games / You can now run backtests on your models / Continue / Downloading Game Data / % / games loaded / Cancel / ! / Skip / Retry / Checking if game data is available for backtesting your models. / Data is synced automatically twice daily. No action require,surface exit,onRequestClose: handleSkip,ST04; ST05,Close sets abort ref; UI labels still claim download/loaded,route import graph — rendering conditions need inspection,code-inspected surface; control syntax extracted; full per-state semantics need validation,
C-DataSeedingModal-DataSeedingModal-002,components/DataSeedingModal.tsx,141,S21,Pressable,[no explicit label],control template,onPress: handleSkip,ST04; ST05,Close sets abort ref; UI labels still claim download/loaded,route import graph — rendering conditions need inspection,code-inspected surface; control syntax extracted; full per-state semantics need validation,
C-DataSeedingModal-DataSeedingModal-003,components/DataSeedingModal.tsx,160,S21,Pressable,Continue,control template,onPress: onClose,ST04; ST05,Close sets abort ref; UI labels still claim download/loaded,route import graph — rendering conditions need inspection,code-inspected surface; control syntax extracted; full per-state semantics need validation,
C-DataSeedingModal-DataSeedingModal-004,components/DataSeedingModal.tsx,206,S21,Pressable,Cancel,control template,onPress: handleSkip,ST04; ST05,Close sets abort ref; UI labels still claim download/loaded,route import graph — rendering conditions need inspection,code-inspected surface; control syntax extracted; full per-state semantics need validation,
C-DataSeedingModal-DataSeedingModal-005,components/DataSeedingModal.tsx,221,S21,Pressable,Skip,control template,onPress: handleSkip,ST04; ST05,Close sets abort ref; UI labels still claim download/loaded,route import graph — rendering conditions need inspection,code-inspected surface; control syntax extracted; full per-state semantics need validation,
C-DataSeedingModal-DataSeedingModal-006,components/DataSeedingModal.tsx,227,S21,Pressable,Retry,control template,onPress: handleCheckData,ST04; ST05,Close sets abort ref; UI labels still claim download/loaded,route import graph — rendering conditions need inspection,code-inspected surface; control syntax extracted; full per-state semantics need validation,
C-DataSeedingModal-DataSeedingModal-007,components/DataSeedingModal.tsx,248,S21,Pressable,Skip,control template,onPress: handleSkip,ST04; ST05,Close sets abort ref; UI labels still claim download/loaded,route import graph — rendering conditions need inspection,code-inspected surface; control syntax extracted; full per-state semantics need validation,
C-DataSeedingModal-DataSeedingModal-008,components/DataSeedingModal.tsx,254,S21,Pressable,Check Data,control template,onPress: handleCheckData,ST04; ST05,Close sets abort ref; UI labels still claim download/loaded,route import graph — rendering conditions need inspection,code-inspected surface; control syntax extracted; full per-state semantics need validation,
C-Dropdown-Dropdown-001,components/Dropdown.tsx,40,,Pressable,[no explicit label],control template,onPress: () => setOpen(true),,,no route import path — excluded from current navigation,code-extracted; excluded or callback infrastructure,"No path from current route import graph; retain as legacy source inventory, not active app functionality."
C-Dropdown-Dropdown-002,components/Dropdown.tsx,59,,Modal,Cancel,surface exit,onRequestClose: () => setOpen(false),,,no route import path — excluded from current navigation,code-extracted; excluded or callback infrastructure,"No path from current route import graph; retain as legacy source inventory, not active app functionality."
C-Dropdown-Dropdown-003,components/Dropdown.tsx,60,,Pressable,Cancel,control template,onPress: () => setOpen(false),,,no route import path — excluded from current navigation,code-extracted; excluded or callback infrastructure,"No path from current route import graph; retain as legacy source inventory, not active app functionality."
C-Dropdown-Dropdown-004,components/Dropdown.tsx,64,,Pressable,Cancel,control template,onPress: () => {},,,no route import path — excluded from current navigation,code-extracted; excluded or callback infrastructure,"No path from current route import graph; retain as legacy source inventory, not active app functionality."
C-Dropdown-Dropdown-005,components/Dropdown.tsx,73,,Pressable,[no explicit label],control template,"onPress: () => {
                    onChange(opt.value);
                    setOpen(false);
                  }",,,no route import path — excluded from current navigation,code-extracted; excluded or callback infrastructure,"No path from current route import graph; retain as legacy source inventory, not active app functionality."
C-Dropdown-Dropdown-006,components/Dropdown.tsx,85,,Pressable,Cancel,control template,onPress: () => setOpen(false),,,no route import path — excluded from current navigation,code-extracted; excluded or callback infrastructure,"No path from current route import graph; retain as legacy source inventory, not active app functionality."
C-EdgeSpotlight-renderSeeAll-001,components/EdgeSpotlight.tsx,220,,Pressable,See All / Players →,control template,onPress: () => router.push('/stats'),,,no route import path — excluded from current navigation,code-extracted; excluded or callback infrastructure,"No path from current route import graph; retain as legacy source inventory, not active app functionality."
C-ElevatedPlayerRow-module-001,components/ElevatedPlayerRow.tsx,82,S10,Pressable,· / G · / A / · / GP,control template,onPress: handlePress,ST02; ST04; ST05; ST06; ST07; ST08; ST12; ST17; ST19,Tabs; detail closes into existing list,route import graph — rendering conditions need inspection,code-inspected surface; control syntax extracted; full per-state semantics need validation,
C-ElevatedPlayerRow-module-002,components/ElevatedPlayerRow.tsx,120,S10,TouchableOpacity,`watch-btn-${player.playerId}`,control template,onPress: toggleWatch,ST02; ST04; ST05; ST06; ST07; ST08; ST12; ST17; ST19,Tabs; detail closes into existing list,route import graph — rendering conditions need inspection,code-inspected surface; control syntax extracted; full per-state semantics need validation,
C-FantasyProjectionRow-FantasyProjectionRow-001,components/FantasyProjectionRow.tsx,42,S10,TouchableOpacity,Forecast only / recommendation unavailable / Floor: / — Ceil: / FPts,control template,onPress: () => onPress?.(projection.playerId),ST02; ST04; ST05; ST06; ST07; ST08; ST12; ST17; ST19,Tabs; detail closes into existing list,route import graph — rendering conditions need inspection,code-inspected surface; control syntax extracted; full per-state semantics need validation,
C-FinishSetupCard-FinishSetupCard-001,components/FinishSetupCard.tsx,71,,Pressable,Set Up Now,control template,onPress: onSetUpNow,,,no route import path — excluded from current navigation,code-extracted; excluded or callback infrastructure,"No path from current route import graph; retain as legacy source inventory, not active app functionality."
C-FinishSetupCard-FinishSetupCard-002,components/FinishSetupCard.tsx,78,,Pressable,Dismiss,control template,onPress: handleDismiss,,,no route import path — excluded from current navigation,code-extracted; excluded or callback infrastructure,"No path from current route import graph; retain as legacy source inventory, not active app functionality."
C-FlippableRow-FlippableRow-001,components/FlippableRow.tsx,71,,Pressable,[no explicit label],control template,"onPress: () => {
          if (isFlipped) {
            flip();
          } else {
            onTap?.();
          }
        }; onLongPress: flip",,,no route import path — excluded from current navigation,code-extracted; excluded or callback infrastructure,"No path from current route import graph; retain as legacy source inventory, not active app functionality."
C-FloatingTodayBar-FloatingTodayBar-001,components/FloatingTodayBar.tsx,69,,Pressable,REFRESH,control template,"onPress: () => {
              Haptics.impactAsync(Haptics.ImpactFeedbackStyle.Light).catch(() => {});
              onRefresh();
            }",,,no route import path — excluded from current navigation,code-extracted; excluded or callback infrastructure,"No path from current route import graph; retain as legacy source inventory, not active app functionality."
C-GameDeepDiveModal-renderOverviewTab-001,components/GameDeepDiveModal.tsx,241,,Pressable,Home Ice Advantage / ?,control template,onPress: () => setShowHomeIceInfo(true),,,no route import path — excluded from current navigation,code-extracted; excluded or callback infrastructure,"No path from current route import graph; retain as legacy source inventory, not active app functionality."
C-GameDeepDiveModal-renderOverviewTab-002,components/GameDeepDiveModal.tsx,275,,Pressable,Favored Team / ?,control template,onPress: () => setShowFavoredInfo(true),,,no route import path — excluded from current navigation,code-extracted; excluded or callback infrastructure,"No path from current route import graph; retain as legacy source inventory, not active app functionality."
C-GameDeepDiveModal-renderOverviewTab-003,components/GameDeepDiveModal.tsx,309,,Pressable,Win Probability Edge / ? / %,control template,onPress: () => setShowEdgeInfo(true),,,no route import path — excluded from current navigation,code-extracted; excluded or callback infrastructure,"No path from current route import graph; retain as legacy source inventory, not active app functionality."
C-GameDeepDiveModal-renderOverviewTab-004,components/GameDeepDiveModal.tsx,356,,Pressable,Goalie Advantage / ?,control template,onPress: () => setShowGoalieInfo(true),,,no route import path — excluded from current navigation,code-extracted; excluded or callback infrastructure,"No path from current route import graph; retain as legacy source inventory, not active app functionality."
C-GameDeepDiveModal-renderOverviewTab-005,components/GameDeepDiveModal.tsx,404,,Pressable,Hot Players Edge / ? / +,control template,onPress: () => setShowHotPlayersInfo(true),,,no route import path — excluded from current navigation,code-extracted; excluded or callback infrastructure,"No path from current route import graph; retain as legacy source inventory, not active app functionality."
C-GameDeepDiveModal-renderOverviewTab-006,components/GameDeepDiveModal.tsx,453,,Modal,Goalie Advantage / Compares the expected starting goalies based on: / • / The team shown has the goaltending advantage for this matchup. A strong goalie can significantly impact the outcome. / Got it,surface exit,onRequestClose: () => setShowGoalieInfo(false),,,no route import path — excluded from current navigation,code-extracted; excluded or callback infrastructure,"No path from current route import graph; retain as legacy source inventory, not active app functionality."
C-GameDeepDiveModal-renderOverviewTab-007,components/GameDeepDiveModal.tsx,459,,Pressable,Goalie Advantage / Compares the expected starting goalies based on: / • / The team shown has the goaltending advantage for this matchup. A strong goalie can significantly impact the outcome. / Got it,control template,onPress: () => setShowGoalieInfo(false),,,no route import path — excluded from current navigation,code-extracted; excluded or callback infrastructure,"No path from current route import graph; retain as legacy source inventory, not active app functionality."
C-GameDeepDiveModal-renderOverviewTab-008,components/GameDeepDiveModal.tsx,509,,Pressable,Got it,control template,onPress: () => setShowGoalieInfo(false),,,no route import path — excluded from current navigation,code-extracted; excluded or callback infrastructure,"No path from current route import graph; retain as legacy source inventory, not active app functionality."
C-GameDeepDiveModal-renderOverviewTab-009,components/GameDeepDiveModal.tsx,525,,Modal,"Hot Players Edge / Measures the difference in player momentum between teams: / • / +2 TOR / means Toronto has a net advantage of 2 more hot/fewer cold players than their opponent. / Example: TOR has 3 hot, 1 cold (+2) vs opponent with 1 hot, 1 cold (0) = +2 edge for TOR. / Got it",surface exit,onRequestClose: () => setShowHotPlayersInfo(false),,,no route import path — excluded from current navigation,code-extracted; excluded or callback infrastructure,"No path from current route import graph; retain as legacy source inventory, not active app functionality."
C-GameDeepDiveModal-renderOverviewTab-010,components/GameDeepDiveModal.tsx,531,,Pressable,"Hot Players Edge / Measures the difference in player momentum between teams: / • / +2 TOR / means Toronto has a net advantage of 2 more hot/fewer cold players than their opponent. / Example: TOR has 3 hot, 1 cold (+2) vs opponent with 1 hot, 1 cold (0) = +2 edge for TOR. / Got it",control template,onPress: () => setShowHotPlayersInfo(false),,,no route import path — excluded from current navigation,code-extracted; excluded or callback infrastructure,"No path from current route import graph; retain as legacy source inventory, not active app functionality."
C-GameDeepDiveModal-renderOverviewTab-011,components/GameDeepDiveModal.tsx,581,,Pressable,Got it,control template,onPress: () => setShowHotPlayersInfo(false),,,no route import path — excluded from current navigation,code-extracted; excluded or callback infrastructure,"No path from current route import graph; retain as legacy source inventory, not active app functionality."
C-GameDeepDiveModal-renderOverviewTab-012,components/GameDeepDiveModal.tsx,597,,Modal,Home Ice Advantage / The team playing on their home ice has a statistical advantage: / • / This factor adds approximately / +4% / to the home team's base win probability in our prediction model. / Got it,surface exit,onRequestClose: () => setShowHomeIceInfo(false),,,no route import path — excluded from current navigation,code-extracted; excluded or callback infrastructure,"No path from current route import graph; retain as legacy source inventory, not active app functionality."
C-GameDeepDiveModal-renderOverviewTab-013,components/GameDeepDiveModal.tsx,603,,Pressable,Home Ice Advantage / The team playing on their home ice has a statistical advantage: / • / This factor adds approximately / +4% / to the home team's base win probability in our prediction model. / Got it,control template,onPress: () => setShowHomeIceInfo(false),,,no route import path — excluded from current navigation,code-extracted; excluded or callback infrastructure,"No path from current route import graph; retain as legacy source inventory, not active app functionality."
C-GameDeepDiveModal-renderOverviewTab-014,components/GameDeepDiveModal.tsx,653,,Pressable,Got it,control template,onPress: () => setShowHomeIceInfo(false),,,no route import path — excluded from current navigation,code-extracted; excluded or callback infrastructure,"No path from current route import graph; retain as legacy source inventory, not active app functionality."
C-GameDeepDiveModal-renderOverviewTab-015,components/GameDeepDiveModal.tsx,669,,Modal,Favored Team / The team with the higher win probability based on: / • / All these factors are combined and weighted to calculate each team's win probability. The team above / 50% / is favored to win. / Got it,surface exit,onRequestClose: () => setShowFavoredInfo(false),,,no route import path — excluded from current navigation,code-extracted; excluded or callback infrastructure,"No path from current route import graph; retain as legacy source inventory, not active app functionality."
C-GameDeepDiveModal-renderOverviewTab-016,components/GameDeepDiveModal.tsx,675,,Pressable,Favored Team / The team with the higher win probability based on: / • / All these factors are combined and weighted to calculate each team's win probability. The team above / 50% / is favored to win. / Got it,control template,onPress: () => setShowFavoredInfo(false),,,no route import path — excluded from current navigation,code-extracted; excluded or callback infrastructure,"No path from current route import graph; retain as legacy source inventory, not active app functionality."
C-GameDeepDiveModal-renderOverviewTab-017,components/GameDeepDiveModal.tsx,727,,Pressable,Got it,control template,onPress: () => setShowFavoredInfo(false),,,no route import path — excluded from current navigation,code-extracted; excluded or callback infrastructure,"No path from current route import graph; retain as legacy source inventory, not active app functionality."
C-GameDeepDiveModal-renderOverviewTab-018,components/GameDeepDiveModal.tsx,743,,Modal,"Win Probability Edge / The difference between the two teams' win probabilities: / • / Example: / If Team A has 65% and Team B has 35%, the edge is / 30% / . A larger edge means our model is more confident in the predicted winner. / Got it",surface exit,onRequestClose: () => setShowEdgeInfo(false),,,no route import path — excluded from current navigation,code-extracted; excluded or callback infrastructure,"No path from current route import graph; retain as legacy source inventory, not active app functionality."
C-GameDeepDiveModal-renderOverviewTab-019,components/GameDeepDiveModal.tsx,749,,Pressable,"Win Probability Edge / The difference between the two teams' win probabilities: / • / Example: / If Team A has 65% and Team B has 35%, the edge is / 30% / . A larger edge means our model is more confident in the predicted winner. / Got it",control template,onPress: () => setShowEdgeInfo(false),,,no route import path — excluded from current navigation,code-extracted; excluded or callback infrastructure,"No path from current route import graph; retain as legacy source inventory, not active app functionality."
C-GameDeepDiveModal-renderOverviewTab-020,components/GameDeepDiveModal.tsx,798,,Pressable,Got it,control template,onPress: () => setShowEdgeInfo(false),,,no route import path — excluded from current navigation,code-extracted; excluded or callback infrastructure,"No path from current route import graph; retain as legacy source inventory, not active app functionality."
C-GameDeepDiveModal-renderCategoryHeader-001,components/GameDeepDiveModal.tsx,1239,,Pressable,✓,control template,onPress: () => toggleCategory(category),,,no route import path — excluded from current navigation,code-extracted; excluded or callback infrastructure,"No path from current route import graph; retain as legacy source inventory, not active app functionality."
C-GameDeepDiveModal-GameDeepDiveModal-001,components/GameDeepDiveModal.tsx,1912,,Modal,@ / Deep Dive Analysis,surface exit,onRequestClose: onClose,,,no route import path — excluded from current navigation,code-extracted; excluded or callback infrastructure,"No path from current route import graph; retain as legacy source inventory, not active app functionality."
C-GameDeepDiveModal-GameDeepDiveModal-002,components/GameDeepDiveModal.tsx,1947,,Pressable,[no explicit label],control template,onPress: onClose,,,no route import path — excluded from current navigation,code-extracted; excluded or callback infrastructure,"No path from current route import graph; retain as legacy source inventory, not active app functionality."
C-GameDeepDiveModal-GameDeepDiveModal-003,components/GameDeepDiveModal.tsx,1968,,Pressable,[no explicit label],control template,onPress: () => setActiveTab(tab.id as typeof activeTab),,,no route import path — excluded from current navigation,code-extracted; excluded or callback infrastructure,"No path from current route import graph; retain as legacy source inventory, not active app functionality."
C-GameTicker-renderCapsule-001,components/GameTicker.tsx,49,,Pressable,[no explicit label],control template,onPress: () => onGamePress(game),,,no route import path — excluded from current navigation,code-extracted; excluded or callback infrastructure,"No path from current route import graph; retain as legacy source inventory, not active app functionality."
C-GoalieSpotlightCard-module-001,components/GoalieSpotlightCard.tsx,49,S10,Pressable,G · / LAST 5 SV% / SEASON SV% / LAST 5 GAA / RECORD / - / -,control template,onPress: handlePress,ST02; ST04; ST05; ST06; ST07; ST08; ST12; ST17; ST19,Tabs; detail closes into existing list,route import graph — rendering conditions need inspection,code-inspected surface; control syntax extracted; full per-state semantics need validation,
C-HapticTab-HapticTab-001,components/HapticTab.tsx,7,S02; S08; S10; S13,PlatformPressable,[no explicit label],layout / feedback hook,"onPressIn: (ev) => {
        if (process.env.EXPO_OS === 'ios') {
          // Add a soft haptic feedback when pressing down on the tabs.
          Haptics.impactAsync(Haptics.ImpactFeedbackStyle.Light);
        }
        props.onPressIn?.(ev);
      }",ST01; ST02; ST03; ST04; ST05; ST06; ST07; ST08; ST09; ST10; ST12; ST17; ST18; ST19,Tab destinations; internal sections do not have a native back stack | Tabs; team-detail Back to League loses Following origin | Tabs; detail closes into existing list | Tabs; hidden model route has no dedicated return control,route import graph — rendering conditions need inspection,code-inspected surface; control syntax extracted; full per-state semantics need validation,
C-HeatStrip-HeatStrip-001,components/HeatStrip.tsx,85,,Pressable,·,control template,"onPress: () => {
                Haptics.selectionAsync().catch(() => {});
                onPressGame(g.id);
              }",,,no route import path — excluded from current navigation,code-extracted; excluded or callback infrastructure,"No path from current route import graph; retain as legacy source inventory, not active app functionality."
C-HeroBanner-HeroBanner-001,components/HeroBanner.tsx,200,,Pressable,PuckIQ / Today - / TOP EDGE / YOUR TEAM / % / VS / %,control template,"onPress: onPress; onPressIn: () => {
        press();
        scale.value = withSpring(0.98, { damping: 15, stiffness: 150 });
      }; onPressOut: () => {
        scale.value = withSpring(1, { damping: 15, stiffness: 150 });
      }",,,no route import path — excluded from current navigation,code-extracted; excluded or callback infrastructure,"No path from current route import graph; retain as legacy source inventory, not active app functionality."
C-HeroBanner-HeroBanner-002,components/HeroBanner.tsx,293,,ConfidenceBadge,[no explicit label],component callback binding,onInfoPress: onInfoPress,,,no route import path — excluded from current navigation,code-extracted; excluded or callback infrastructure,"No path from current route import graph; retain as legacy source inventory, not active app functionality."
C-HeroBanner-HeroBanner-003,components/HeroBanner.tsx,329,,Pressable,[no explicit label],control template,onLongPress: () => onInfoPress?.(chip.glossaryKey),,,no route import path — excluded from current navigation,code-extracted; excluded or callback infrastructure,"No path from current route import graph; retain as legacy source inventory, not active app functionality."
C-HeroBanner-HeroBanner-004,components/HeroBanner.tsx,347,,Pressable,[no explicit label],control template,onPress: handleShare,,,no route import path — excluded from current navigation,code-extracted; excluded or callback infrastructure,"No path from current route import graph; retain as legacy source inventory, not active app functionality."
C-HeroLeaderCard-module-001,components/HeroLeaderCard.tsx,95,S10,Pressable,1 / · / GP / 82-GP PACE / POINT STREAK / RECENT / GAMES / per game / SEASON AVG / per game / SHOOTING % / % / SEASON / % / · Regular season · / GP,control template,onPress: handlePress,ST02; ST04; ST05; ST06; ST07; ST08; ST12; ST17; ST19,Tabs; detail closes into existing list,route import graph — rendering conditions need inspection,code-inspected surface; control syntax extracted; full per-state semantics need validation,
C-HeroMatchup-HeroMatchup-001,components/HeroMatchup.tsx,192,,Pressable,YOUR TEAM / @ / % / % / TOP EDGE,control template,"onPress: onPress; onPressIn: () => { press(); scale.value = withSpring(0.97, { damping: 15, stiffness: 150 }); }; onPressOut: () => { scale.value = withSpring(1, { damping: 15, stiffness: 150 }); }",,,no route import path — excluded from current navigation,code-extracted; excluded or callback infrastructure,"No path from current route import graph; retain as legacy source inventory, not active app functionality."
C-HeroMatchup-HeroMatchup-002,components/HeroMatchup.tsx,303,,Pressable,[no explicit label],control template,onPress: onShare,,,no route import path — excluded from current navigation,code-extracted; excluded or callback infrastructure,"No path from current route import graph; retain as legacy source inventory, not active app functionality."
C-HubScreen-HubScreen-001,components/HubScreen.tsx,153,S22,Pressable,Back to Tonight,control template,onPress: () => router.push('/(tabs)'),ST01; ST02; ST13; ST14; ST16; ST19,Back pushes Home; auth errors held in provider but not shown,route import graph — rendering conditions need inspection,code-inspected surface; control syntax extracted; full per-state semantics need validation,
C-HubScreen-HubScreen-002,components/HubScreen.tsx,175,S22,Pressable,subscription-options-button,control template,onPress: handleSubscriptionPress,ST01; ST02; ST13; ST14; ST16; ST19,Back pushes Home; auth errors held in provider but not shown,route import graph — rendering conditions need inspection,code-inspected surface; control syntax extracted; full per-state semantics need validation,
C-HubScreen-HubScreen-003,components/HubScreen.tsx,210,S22,Switch,testID,control template,onValueChange: () => togglePref(key),ST01; ST02; ST13; ST14; ST16; ST19,Back pushes Home; auth errors held in provider but not shown,route import graph — rendering conditions need inspection,code-inspected surface; control syntax extracted; full per-state semantics need validation,
C-HubScreen-HubScreen-004,components/HubScreen.tsx,234,S22,Pressable,Sign out,control template,onPress: signOut,ST01; ST02; ST13; ST14; ST16; ST19,Back pushes Home; auth errors held in provider but not shown,route import graph — rendering conditions need inspection,code-inspected surface; control syntax extracted; full per-state semantics need validation,
C-HubScreen-HubScreen-005,components/HubScreen.tsx,244,S22,Pressable,Continue with Apple,control template,onPress: signInWithApple,ST01; ST02; ST13; ST14; ST16; ST19,Back pushes Home; auth errors held in provider but not shown,route import graph — rendering conditions need inspection,code-inspected surface; control syntax extracted; full per-state semantics need validation,
C-HubScreen-HubScreen-006,components/HubScreen.tsx,252,S22,Pressable,Continue with Google,control template,onPress: signInWithGoogle,ST01; ST02; ST13; ST14; ST16; ST19,Back pushes Home; auth errors held in provider but not shown,route import graph — rendering conditions need inspection,code-inspected surface; control syntax extracted; full per-state semantics need validation,
C-HubScreen-HubScreen-007,components/HubScreen.tsx,271,S22,Pressable,Support,control template,NO DIRECT EVENT HANDLER — inspect spread/parent before classifying,ST01; ST02; ST13; ST14; ST16; ST19,Back pushes Home; auth errors held in provider but not shown,route import graph — rendering conditions need inspection,code-inspected surface; control syntax extracted; full per-state semantics need validation,
C-InfoTooltip-InfoTooltip-001,components/InfoTooltip.tsx,28,,Modal,Got it,surface exit,onRequestClose: onClose,,,no route import path — excluded from current navigation,code-extracted; excluded or callback infrastructure,"No path from current route import graph; retain as legacy source inventory, not active app functionality."
C-InfoTooltip-InfoTooltip-002,components/InfoTooltip.tsx,34,,Pressable,[no explicit label],control template,onPress: onClose,,,no route import path — excluded from current navigation,code-extracted; excluded or callback infrastructure,"No path from current route import graph; retain as legacy source inventory, not active app functionality."
C-InfoTooltip-InfoTooltip-003,components/InfoTooltip.tsx,46,,Pressable,Got it,control template,onPress: onClose,,,no route import path — excluded from current navigation,code-extracted; excluded or callback infrastructure,"No path from current route import graph; retain as legacy source inventory, not active app functionality."
C-InsightFeed-InsightFeedComponent-001,components/InsightFeed.tsx,124,,Pressable,[no explicit label],control template,onPress: () => onShareInsight(insight.shareText ?? insight.text),,,no route import path — excluded from current navigation,code-extracted; excluded or callback infrastructure,"No path from current route import graph; retain as legacy source inventory, not active app functionality."
C-Leaderboard-Leaderboard-001,components/Leaderboard.tsx,66,,Pressable,This Week,control template,onPress: () => setPeriod('week'),,,no route import path — excluded from current navigation,code-extracted; excluded or callback infrastructure,"No path from current route import graph; retain as legacy source inventory, not active app functionality."
C-Leaderboard-Leaderboard-002,components/Leaderboard.tsx,75,,Pressable,All Season,control template,onPress: () => setPeriod('season'),,,no route import path — excluded from current navigation,code-extracted; excluded or callback infrastructure,"No path from current route import graph; retain as legacy source inventory, not active app functionality."
C-Leaderboard-Leaderboard-003,components/Leaderboard.tsx,91,,TextInput,Your display name,control template,onChangeText: setNameInput,,,no route import path — excluded from current navigation,code-extracted; excluded or callback infrastructure,"No path from current route import graph; retain as legacy source inventory, not active app functionality."
C-Leaderboard-Leaderboard-004,components/Leaderboard.tsx,99,,Pressable,Save,control template,onPress: handleSetName,,,no route import path — excluded from current navigation,code-extracted; excluded or callback infrastructure,"No path from current route import graph; retain as legacy source inventory, not active app functionality."
C-LiveNowBar-LiveScoreChip-001,components/LiveNowBar.tsx,64,,Pressable,-,control template,"onPress: onPress; onPressIn: () => { scale.value = withSpring(0.93, { damping: 15, stiffness: 150 }); }; onPressOut: () => { scale.value = withSpring(1, { damping: 15, stiffness: 150 }); }",,,no route import path — excluded from current navigation,code-extracted; excluded or callback infrastructure,"No path from current route import graph; retain as legacy source inventory, not active app functionality."
C-LiveNowBar-LiveNowBarComponent-001,components/LiveNowBar.tsx,110,,LiveScoreChip,[no explicit label],component callback binding,onPress: () => onGamePress(game),,,no route import path — excluded from current navigation,code-extracted; excluded or callback infrastructure,"No path from current route import graph; retain as legacy source inventory, not active app functionality."
C-MatchupAnalyzer-renderSearchResult-001,components/MatchupAnalyzer.tsx,185,,TouchableOpacity,`opp-search-result-${item.id}`,control template,onPress: () => handleAddPlayer(item),,,no route import path — excluded from current navigation,code-extracted; excluded or callback infrastructure,"No path from current route import graph; retain as legacy source inventory, not active app functionality."
C-MatchupAnalyzer-MatchupAnalyzer-001,components/MatchupAnalyzer.tsx,219,,TextInput,Search opponent players...,control template,onChangeText: handleSearch,,,no route import path — excluded from current navigation,code-extracted; excluded or callback infrastructure,"No path from current route import graph; retain as legacy source inventory, not active app functionality."
C-MatchupAnalyzer-MatchupAnalyzer-002,components/MatchupAnalyzer.tsx,248,,TouchableOpacity,`opp-chip-${player.playerId}`,control template,onPress: () => handleRemovePlayer(player.playerId),,,no route import path — excluded from current navigation,code-extracted; excluded or callback infrastructure,"No path from current route import graph; retain as legacy source inventory, not active app functionality."
C-MatchupAnalyzer-MatchupAnalyzer-003,components/MatchupAnalyzer.tsx,262,,TouchableOpacity,Analyze Matchup,control template,onPress: handleAnalyze,,,no route import path — excluded from current navigation,code-extracted; excluded or callback infrastructure,"No path from current route import graph; retain as legacy source inventory, not active app functionality."
C-MatchupGameCard-MatchupGameCard-001,components/MatchupGameCard.tsx,314,,Pressable,[no explicit label],control template,onPress: onPress,,,no route import path — excluded from current navigation,code-extracted; excluded or callback infrastructure,"No path from current route import graph; retain as legacy source inventory, not active app functionality."
C-ModelPickerModal-ModelPickerModal-001,components/ModelPickerModal.tsx,26,,Modal,Select Model / Default / ✓ / Cancel,surface exit,onRequestClose: onClose,,,no route import path — excluded from current navigation,code-extracted; excluded or callback infrastructure,"No path from current route import graph; retain as legacy source inventory, not active app functionality."
C-ModelPickerModal-ModelPickerModal-002,components/ModelPickerModal.tsx,32,,TouchableOpacity,Select Model / Default / ✓ / Cancel,control template,onPress: onClose,,,no route import path — excluded from current navigation,code-extracted; excluded or callback infrastructure,"No path from current route import graph; retain as legacy source inventory, not active app functionality."
C-ModelPickerModal-ModelPickerModal-003,components/ModelPickerModal.tsx,40,,TouchableOpacity,Default / ✓,control template,onPress: () => onModelSwitch(model.id),,,no route import path — excluded from current navigation,code-extracted; excluded or callback infrastructure,"No path from current route import graph; retain as legacy source inventory, not active app functionality."
C-ModelPickerModal-ModelPickerModal-004,components/ModelPickerModal.tsx,60,,TouchableOpacity,Cancel,control template,onPress: onClose,,,no route import path — excluded from current navigation,code-extracted; excluded or callback infrastructure,"No path from current route import graph; retain as legacy source inventory, not active app functionality."
C-MyTeamScreen-MyTeamScreen-001,components/MyTeamScreen.tsx,133,S25,TouchableOpacity,Add Players,control template,onPress: () => setShowRosterBuilder(true),ST01; ST02; ST04; ST05; ST06; ST12,Visible tab bar; roster opens modal,route import graph — rendering conditions need inspection,code-inspected surface; control syntax extracted; full per-state semantics need validation,
C-MyTeamScreen-MyTeamScreen-002,components/MyTeamScreen.tsx,186,S25,RefreshControl,[no explicit label],control template,onRefresh: onRefresh,ST01; ST02; ST04; ST05; ST06; ST12,Visible tab bar; roster opens modal,route import graph — rendering conditions need inspection,code-inspected surface; control syntax extracted; full per-state semantics need validation,
C-MyTeamScreen-MyTeamScreen-003,components/MyTeamScreen.tsx,213,S25,TouchableOpacity,edit-roster-button,control template,onPress: () => setShowRosterBuilder(true),ST01; ST02; ST04; ST05; ST06; ST12,Visible tab bar; roster opens modal,route import graph — rendering conditions need inspection,code-inspected surface; control syntax extracted; full per-state semantics need validation,
C-MyTeamScreen-MyTeamScreen-004,components/MyTeamScreen.tsx,288,S25,RosterBuilder,[no explicit label],component callback binding,onDismiss: () => setShowRosterBuilder(false); onSaved: handleRosterSaved,ST01; ST02; ST04; ST05; ST06; ST12,Visible tab bar; roster opens modal,route import graph — rendering conditions need inspection,code-inspected surface; control syntax extracted; full per-state semantics need validation,
C-PaywallModal-PaywallModal-001,components/PaywallModal.tsx,189,S23,Modal,PuckIQ Pro / Explore model-backed probabilities and player-analysis tools. / Store subscription options / Loading store prices… / Subscriptions are currently unavailable. / Subscription options could not be loaded. / Intro offer: / Subscribe / Store terms apply. / Restore Purchas,surface exit,onRequestClose: onClose,ST01; ST02; ST04; ST14; ST15; ST16; ST18; ST19,"Visible close disabled during action, native request-close not guarded; offering retry requires reopen",route import graph — rendering conditions need inspection,code-inspected surface; control syntax extracted; full per-state semantics need validation,
C-PaywallModal-PaywallModal-002,components/PaywallModal.tsx,200,S23,TouchableOpacity,paywall-close,control template,onPress: onClose,ST01; ST02; ST04; ST14; ST15; ST16; ST18; ST19,"Visible close disabled during action, native request-close not guarded; offering retry requires reopen",route import graph — rendering conditions need inspection,code-inspected surface; control syntax extracted; full per-state semantics need validation,
C-PaywallModal-PaywallModal-003,components/PaywallModal.tsx,266,S23,TouchableOpacity,Intro offer:,control template,onPress: () => setSelectedPlan(plan),ST01; ST02; ST04; ST14; ST15; ST16; ST18; ST19,"Visible close disabled during action, native request-close not guarded; offering retry requires reopen",route import graph — rendering conditions need inspection,code-inspected surface; control syntax extracted; full per-state semantics need validation,
C-PaywallModal-PaywallModal-004,components/PaywallModal.tsx,291,S23,TouchableOpacity,Subscribe,control template,onPress: () => handlePurchase(selectedPlan),ST01; ST02; ST04; ST14; ST15; ST16; ST18; ST19,"Visible close disabled during action, native request-close not guarded; offering retry requires reopen",route import graph — rendering conditions need inspection,code-inspected surface; control syntax extracted; full per-state semantics need validation,
C-PaywallModal-PaywallModal-005,components/PaywallModal.tsx,317,S23,TouchableOpacity,Restore Purchases,control template,onPress: handleRestore,ST01; ST02; ST04; ST14; ST15; ST16; ST18; ST19,"Visible close disabled during action, native request-close not guarded; offering retry requires reopen",route import graph — rendering conditions need inspection,code-inspected surface; control syntax extracted; full per-state semantics need validation,
C-PlayerDetailModal-PlayerDetailModal-001,components/PlayerDetailModal.tsx,110,S12,Modal,Loading player data... / # / / / BIO / LAST / REGULAR-SEASON GAMES / NHL REGULAR-SEASON CAREER / Career totals not available / NHL REGULAR-SEASON CAREER / Career statistics unavailable,surface exit,onRequestClose: onClose,ST04; ST05; ST07; ST12; ST17,Full-screen modal close; query context retained by parent,route import graph — rendering conditions need inspection,code-inspected surface; control syntax extracted; full per-state semantics need validation,
C-PlayerDetailModal-PlayerDetailModal-002,components/PlayerDetailModal.tsx,129,S12,TouchableOpacity,player-detail-close,control template,onPress: onClose,ST04; ST05; ST07; ST12; ST17,Full-screen modal close; query context retained by parent,route import graph — rendering conditions need inspection,code-inspected surface; control syntax extracted; full per-state semantics need validation,
C-PlayerEdgeCard-module-001,components/PlayerEdgeCard.tsx,94,,TouchableOpacity,· / / / Avg / G point streak / ABOVE AVG,control template,onPress: handlePress,,,no route import path — excluded from current navigation,code-extracted; excluded or callback infrastructure,"No path from current route import graph; retain as legacy source inventory, not active app functionality."
C-PlayerProjectionCard-module-001,components/PlayerProjectionCard.tsx,93,S10,Pressable,· / -game point streak,control template,onPress: handlePress,ST02; ST04; ST05; ST06; ST07; ST08; ST12; ST17; ST19,Tabs; detail closes into existing list,route import graph — rendering conditions need inspection,code-inspected surface; control syntax extracted; full per-state semantics need validation,
C-PremiumGate-PremiumGate-001,components/PremiumGate.tsx,89,S24,TouchableOpacity,premium-gate-upgrade,control template,onPress: handleUpgrade,ST01; ST02; ST14; ST16,Containing tabs/close remain; dark legacy styling,route import graph — rendering conditions need inspection,code-inspected surface; control syntax extracted; full per-state semantics need validation,
C-ReferralCard-ReferralCard-001,components/ReferralCard.tsx,31,,Pressable,Share Invite Link,control template,onPress: handleShare,,,no route import path — excluded from current navigation,code-extracted; excluded or callback infrastructure,"No path from current route import graph; retain as legacy source inventory, not active app functionality."
C-RosterBuilder-renderSearchResult-001,components/RosterBuilder.tsx,132,S26,TouchableOpacity,`search-result-${item.id}`,control template,onPress: () => handleAddPlayer(item),ST01; ST04; ST05; ST18,Cancel/native close without discard; initial state not resynced to changed existing roster,route import graph — rendering conditions need inspection,code-inspected surface; control syntax extracted; full per-state semantics need validation,
C-RosterBuilder-RosterBuilder-001,components/RosterBuilder.tsx,152,S26,Modal,Cancel / Yahoo / ESPN / No players found,surface exit,onRequestClose: onDismiss,ST01; ST04; ST05; ST18,Cancel/native close without discard; initial state not resynced to changed existing roster,route import graph — rendering conditions need inspection,code-inspected surface; control syntax extracted; full per-state semantics need validation,
C-RosterBuilder-RosterBuilder-002,components/RosterBuilder.tsx,162,S26,TouchableOpacity,Cancel,control template,onPress: onDismiss,ST01; ST04; ST05; ST18,Cancel/native close without discard; initial state not resynced to changed existing roster,route import graph — rendering conditions need inspection,code-inspected surface; control syntax extracted; full per-state semantics need validation,
C-RosterBuilder-RosterBuilder-003,components/RosterBuilder.tsx,168,S26,TouchableOpacity,roster-builder-save,control template,onPress: handleSave,ST01; ST04; ST05; ST18,Cancel/native close without discard; initial state not resynced to changed existing roster,route import graph — rendering conditions need inspection,code-inspected surface; control syntax extracted; full per-state semantics need validation,
C-RosterBuilder-RosterBuilder-004,components/RosterBuilder.tsx,186,S26,TouchableOpacity,Yahoo,control template,onPress: () => setScoringFormat('yahoo'),ST01; ST04; ST05; ST18,Cancel/native close without discard; initial state not resynced to changed existing roster,route import graph — rendering conditions need inspection,code-inspected surface; control syntax extracted; full per-state semantics need validation,
C-RosterBuilder-RosterBuilder-005,components/RosterBuilder.tsx,197,S26,TouchableOpacity,ESPN,control template,onPress: () => setScoringFormat('espn'),ST01; ST04; ST05; ST18,Cancel/native close without discard; initial state not resynced to changed existing roster,route import graph — rendering conditions need inspection,code-inspected surface; control syntax extracted; full per-state semantics need validation,
C-RosterBuilder-RosterBuilder-006,components/RosterBuilder.tsx,213,S26,TextInput,Search players by name...,control template,onChangeText: handleSearch,ST01; ST04; ST05; ST18,Cancel/native close without discard; initial state not resynced to changed existing roster,route import graph — rendering conditions need inspection,code-inspected surface; control syntax extracted; full per-state semantics need validation,
C-RosterBuilder-RosterBuilder-007,components/RosterBuilder.tsx,228,S26,TouchableOpacity,`chip-${player.playerId}`,control template,onPress: () => handleRemovePlayer(player.playerId),ST01; ST04; ST05; ST18,Cancel/native close without discard; initial state not resynced to changed existing roster,route import graph — rendering conditions need inspection,code-inspected surface; control syntax extracted; full per-state semantics need validation,
C-SettingsButton-SettingsButton-001,components/SettingsButton.tsx,7,,TouchableOpacity,Settings,control template,onPress: () => {/* TODO: add settings screen */},,,no route import path — excluded from current navigation,code-extracted; excluded or callback infrastructure,"No path from current route import graph; retain as legacy source inventory, not active app functionality."
C-ShotLocationMap-ShotLocationMap-001,components/ShotLocationMap.tsx,66,,Rect,[no explicit label],component callback binding,"onPress: () => setTooltip({ area: zone.area, shots: zone.shots })",,,no route import path — excluded from current navigation,code-extracted; excluded or callback infrastructure,"No path from current route import graph; retain as legacy source inventory, not active app functionality."
C-ShotLocationMap-ShotLocationMap-002,components/ShotLocationMap.tsx,103,,Pressable,: / shots,control template,onPress: () => setTooltip(null),,,no route import path — excluded from current navigation,code-extracted; excluded or callback infrastructure,"No path from current route import graph; retain as legacy source inventory, not active app functionality."
C-StandingsSnapshot-StandingsSnapshotComponent-001,components/StandingsSnapshot.tsx,131,,Pressable,standings-toggle,control template,onPress: () => setExpanded(!expanded),,,no route import path — excluded from current navigation,code-extracted; excluded or callback infrastructure,"No path from current route import graph; retain as legacy source inventory, not active app functionality."
C-StandingsWidget-StandingsWidgetComponent-001,components/StandingsWidget.tsx,112,,Pressable,Full Standings →,control template,onPress: () => router.push('/stats'),,,no route import path — excluded from current navigation,code-extracted; excluded or callback infrastructure,"No path from current route import graph; retain as legacy source inventory, not active app functionality."
C-StatOfTheNight-StatOfTheNightComponent-001,components/StatOfTheNight.tsx,131,,Pressable,[no explicit label],control template,onLongPress: () => onInfoPress?.(stat.category),,,no route import path — excluded from current navigation,code-extracted; excluded or callback infrastructure,"No path from current route import graph; retain as legacy source inventory, not active app functionality."
C-StatOfTheNight-StatOfTheNightComponent-002,components/StatOfTheNight.tsx,142,,Pressable,stat-of-night-share,control template,onPress: onShare,,,no route import path — excluded from current navigation,code-extracted; excluded or callback infrastructure,"No path from current route import graph; retain as legacy source inventory, not active app functionality."
C-SubscriptionProvider-SubscriptionProvider-001,components/SubscriptionProvider.tsx,208,S23,PaywallModal,[no explicit label],component callback binding,onClose: () => setPaywallVisible(false),ST01; ST02; ST04; ST14; ST15; ST16; ST18; ST19,"Visible close disabled during action, native request-close not guarded; offering retry requires reopen",route import graph — rendering conditions need inspection,code-inspected surface; control syntax extracted; full per-state semantics need validation,
C-TeamCard-TeamCard-001,components/TeamCard.tsx,33,,TouchableOpacity,pts,control template,onPress: onPress,,,no route import path — excluded from current navigation,code-extracted; excluded or callback infrastructure,"No path from current route import graph; retain as legacy source inventory, not active app functionality."
C-TeamCard-TeamCard-002,components/TeamCard.tsx,35,,TouchableOpacity,[no explicit label],control template,"onPress: (e) => {
          e.stopPropagation();
          onToggleFavorite();
        }",,,no route import path — excluded from current navigation,code-extracted; excluded or callback infrastructure,"No path from current route import graph; retain as legacy source inventory, not active app functionality."
C-TeamHeadToHead-PinSlot-001,components/TeamHeadToHead.tsx,125,S15,Pressable,[no explicit label],control template,onPress: onClear,ST04; ST05; ST06; ST07; ST17,Clear/reselect is retry workaround; empty + PICK TEAM slots are noninteractive,route import graph — rendering conditions need inspection,code-inspected surface; control syntax extracted; full per-state semantics need validation,
C-TeamHeadToHead-TeamHeadToHead-001,components/TeamHeadToHead.tsx,219,S15,PinSlot,[no explicit label],component callback binding,onClear: () => setPinA(null),ST04; ST05; ST06; ST07; ST17,Clear/reselect is retry workaround; empty + PICK TEAM slots are noninteractive,route import graph — rendering conditions need inspection,code-inspected surface; control syntax extracted; full per-state semantics need validation,
C-TeamHeadToHead-TeamHeadToHead-002,components/TeamHeadToHead.tsx,221,S15,PinSlot,[no explicit label],component callback binding,onClear: () => setPinB(null),ST04; ST05; ST06; ST07; ST17,Clear/reselect is retry workaround; empty + PICK TEAM slots are noninteractive,route import graph — rendering conditions need inspection,code-inspected surface; control syntax extracted; full per-state semantics need validation,
C-TeamHeadToHead-TeamHeadToHead-003,components/TeamHeadToHead.tsx,299,S15,Pressable,[no explicit label],control template,onPress: () => onTapTeam(t),ST04; ST05; ST06; ST07; ST17,Clear/reselect is retry workaround; empty + PICK TEAM slots are noninteractive,route import graph — rendering conditions need inspection,code-inspected surface; control syntax extracted; full per-state semantics need validation,
C-TeamModal-TeamModal-001,components/TeamModal.tsx,55,,Modal,[no explicit label],surface exit,onRequestClose: onClose,,,no route import path — excluded from current navigation,code-extracted; excluded or callback infrastructure,"No path from current route import graph; retain as legacy source inventory, not active app functionality."
C-TeamModal-TeamModal-002,components/TeamModal.tsx,73,,TouchableOpacity,[no explicit label],control template,onPress: onClose,,,no route import path — excluded from current navigation,code-extracted; excluded or callback infrastructure,"No path from current route import graph; retain as legacy source inventory, not active app functionality."
C-TeamModal-TeamModal-003,components/TeamModal.tsx,86,,TouchableOpacity,[no explicit label],control template,onPress: () => handleTabChange(tab.id),,,no route import path — excluded from current navigation,code-extracted; excluded or callback infrastructure,"No path from current route import graph; retain as legacy source inventory, not active app functionality."
C-WaiverWireScout-WaiverWireScout-001,components/WaiverWireScout.tsx,111,,TouchableOpacity,waiver-back,control template,onPress: onBack,,,no route import path — excluded from current navigation,code-extracted; excluded or callback infrastructure,"No path from current route import graph; retain as legacy source inventory, not active app functionality."
C-WaiverWireScout-WaiverWireScout-002,components/WaiverWireScout.tsx,124,,TouchableOpacity,`filter-${pos}`,control template,onPress: () => setPositionFilter(pos),,,no route import path — excluded from current navigation,code-extracted; excluded or callback infrastructure,"No path from current route import graph; retain as legacy source inventory, not active app functionality."
C-WaiverWireScout-WaiverWireScout-003,components/WaiverWireScout.tsx,157,,RefreshControl,[no explicit label],control template,onRefresh: handleRefresh,,,no route import path — excluded from current navigation,code-extracted; excluded or callback infrastructure,"No path from current route import graph; retain as legacy source inventory, not active app functionality."
C-WaiverWireScout-WaiverWireScout-004,components/WaiverWireScout.tsx,167,,FantasyProjectionRow,[no explicit label],component callback binding,onPress: onPlayerPress,,,no route import path — excluded from current navigation,code-extracted; excluded or callback infrastructure,"No path from current route import graph; retain as legacy source inventory, not active app functionality."
C-WaiverWireSection-WaiverWireSection-001,components/WaiverWireSection.tsx,38,,TouchableOpacity,See All,control template,onPress: onSeeAll,,,route import graph — rendering conditions need inspection,code-extracted; excluded or callback infrastructure,Parent callback/feedback infrastructure; not a separate screen
C-arena-ArenaOnboarding-ArenaOnboarding-001,components/arena/ArenaOnboarding.tsx,118,S01,ArenaButton,"homeTeam ? `${homeTeam.name} · change` : ""Choose your home team""",control template,onPress: () => setPicker(true),ST01; ST03; ST19,No back; authentication can cancel. Local flag read rejection has no UI recovery,route import graph — rendering conditions need inspection,code-inspected surface; control syntax extracted; full per-state semantics need validation,
C-arena-ArenaOnboarding-ArenaOnboarding-002,components/arena/ArenaOnboarding.tsx,126,S01,ArenaButton,Start my season,control template,onPress: () => void finish(),ST01; ST03; ST19,No back; authentication can cancel. Local flag read rejection has no UI recovery,route import graph — rendering conditions need inspection,code-inspected surface; control syntax extracted; full per-state semantics need validation,
C-arena-ArenaOnboarding-ArenaOnboarding-003,components/arena/ArenaOnboarding.tsx,143,S01,ArenaButton,Continue with Apple,control template,onPress: () => void finish(onApple),ST01; ST03; ST19,No back; authentication can cancel. Local flag read rejection has no UI recovery,route import graph — rendering conditions need inspection,code-inspected surface; control syntax extracted; full per-state semantics need validation,
C-arena-ArenaOnboarding-ArenaOnboarding-004,components/arena/ArenaOnboarding.tsx,151,S01,ArenaButton,Continue with Google,control template,onPress: () => void finish(onGoogle),ST01; ST03; ST19,No back; authentication can cancel. Local flag read rejection has no UI recovery,route import graph — rendering conditions need inspection,code-inspected surface; control syntax extracted; full per-state semantics need validation,
C-arena-ArenaOnboarding-ArenaOnboarding-005,components/arena/ArenaOnboarding.tsx,170,S01,TeamPicker,[no explicit label],component callback binding,onClose: () => setPicker(false),ST01; ST03; ST19,No back; authentication can cancel. Local flag read rejection has no UI recovery,route import graph — rendering conditions need inspection,code-inspected surface; control syntax extracted; full per-state semantics need validation,
C-arena-ArenaPrimitives-ArenaButton-001,components/arena/ArenaPrimitives.tsx,40,S09,Pressable,label,control template,onPress: onPress,ST01; ST03; ST18; ST19,Close or Android request-close; iOS pageSheet gesture unverified; no search-empty copy,route import graph — rendering conditions need inspection,code-inspected surface; control syntax extracted; full per-state semantics need validation,
C-arena-ArenaPrimitives-ArenaHeader-001,components/arena/ArenaPrimitives.tsx,109,S09; S02; S08; S10; S13; S14,Pressable,Choose home team,control template,onPress: () => setPicker(true),ST01; ST02; ST03; ST04; ST05; ST06; ST07; ST08; ST09; ST10; ST12; ST17; ST18; ST19,Tab destinations; internal sections do not have a native back stack | Tabs; team-detail Back to League loses Following origin | Close or Android request-close; iOS pageSheet gesture unverified; no search-empty copy | Tabs; detail closes into existing list | Tabs; hidden model route has no dedicated return control | Pushes League regardless of entry origin; no direct retry,route import graph — rendering conditions need inspection,code-inspected surface; control syntax extracted; full per-state semantics need validation,
C-arena-ArenaPrimitives-ArenaHeader-002,components/arena/ArenaPrimitives.tsx,130,S09; S02; S08; S10; S13; S14,Pressable,Settings,control template,"onPress: () => router.push(""/(tabs)/hub"")",ST01; ST02; ST03; ST04; ST05; ST06; ST07; ST08; ST09; ST10; ST12; ST17; ST18; ST19,Tab destinations; internal sections do not have a native back stack | Tabs; team-detail Back to League loses Following origin | Close or Android request-close; iOS pageSheet gesture unverified; no search-empty copy | Tabs; detail closes into existing list | Tabs; hidden model route has no dedicated return control | Pushes League regardless of entry origin; no direct retry,route import graph — rendering conditions need inspection,code-inspected surface; control syntax extracted; full per-state semantics need validation,
C-arena-ArenaPrimitives-ArenaHeader-003,components/arena/ArenaPrimitives.tsx,166,S09; S02; S08; S10; S13; S14,TeamPicker,[no explicit label],component callback binding,onClose: () => setPicker(false),ST01; ST02; ST03; ST04; ST05; ST06; ST07; ST08; ST09; ST10; ST12; ST17; ST18; ST19,Tab destinations; internal sections do not have a native back stack | Tabs; team-detail Back to League loses Following origin | Close or Android request-close; iOS pageSheet gesture unverified; no search-empty copy | Tabs; detail closes into existing list | Tabs; hidden model route has no dedicated return control | Pushes League regardless of entry origin; no direct retry,route import graph — rendering conditions need inspection,code-inspected surface; control syntax extracted; full per-state semantics need validation,
C-arena-ArenaPrimitives-TeamPicker-001,components/arena/ArenaPrimitives.tsx,201,S09,Modal,HOME ICE / Pick the colors you live in. Choosing a new team also adds it to Following.,surface exit,onRequestClose: onClose,ST01; ST03; ST18; ST19,Close or Android request-close; iOS pageSheet gesture unverified; no search-empty copy,route import graph — rendering conditions need inspection,code-inspected surface; control syntax extracted; full per-state semantics need validation,
C-arena-ArenaPrimitives-TeamPicker-002,components/arena/ArenaPrimitives.tsx,226,S09,Pressable,Close team picker,control template,onPress: onClose,ST01; ST03; ST18; ST19,Close or Android request-close; iOS pageSheet gesture unverified; no search-empty copy,route import graph — rendering conditions need inspection,code-inspected surface; control syntax extracted; full per-state semantics need validation,
C-arena-ArenaPrimitives-TeamPicker-003,components/arena/ArenaPrimitives.tsx,245,S09,TextInput,Search teams,control template,onChangeText: setQuery,ST01; ST03; ST18; ST19,Close or Android request-close; iOS pageSheet gesture unverified; no search-empty copy,route import graph — rendering conditions need inspection,code-inspected surface; control syntax extracted; full per-state semantics need validation,
C-arena-ArenaPrimitives-TeamPicker-004,components/arena/ArenaPrimitives.tsx,272,S09,Pressable,`Use ${team.name} colors`,control template,onPress: () => void choose(team.abbrev),ST01; ST03; ST18; ST19,Close or Android request-close; iOS pageSheet gesture unverified; no search-empty copy,route import graph — rendering conditions need inspection,code-inspected surface; control syntax extracted; full per-state semantics need validation,
C-arena-GamePoster-GamePoster-001,components/arena/GamePoster.tsx,478,S05,ArenaButton,Open game preview,control template,onPress: onPreview,ST07; ST08; ST09; ST10; ST11; ST19,Flip back; Preview changes Home section,route import graph — rendering conditions need inspection,code-inspected surface; control syntax extracted; full per-state semantics need validation,
C-arena-GamePoster-GamePoster-002,components/arena/GamePoster.tsx,488,S05,ArenaButton,"back ? ""Back to the artwork"" : ""Flip the game card""",control template,onPress: turn,ST07; ST08; ST09; ST10; ST11; ST19,Flip back; Preview changes Home section,route import graph — rendering conditions need inspection,code-inspected surface; control syntax extracted; full per-state semantics need validation,
C-arena-GamePoster-GamePoster-003,components/arena/GamePoster.tsx,494,S05,ArenaButton,"saved ? ""Saved"" : ""Save""",control template,onPress: onSave,ST07; ST08; ST09; ST10; ST11; ST19,Flip back; Preview changes Home section,route import graph — rendering conditions need inspection,code-inspected surface; control syntax extracted; full per-state semantics need validation,
C-arena-GamePoster-GamePoster-004,components/arena/GamePoster.tsx,502,S05,Pressable,[no explicit label],control template,onPress: onPreview,ST07; ST08; ST09; ST10; ST11; ST19,Flip back; Preview changes Home section,route import graph — rendering conditions need inspection,code-inspected surface; control syntax extracted; full per-state semantics need validation,
C-arena-GamePreview-GamePreview-001,components/arena/GamePreview.tsx,183,S06,ArenaButton,Try again,control template,onPress: () => setRetry((n) => n + 1),ST04; ST05; ST07; ST08; ST09; ST10; ST11; ST12; ST17,Home/Season book segment or tab; no dedicated return-to-origin,route import graph — rendering conditions need inspection,code-inspected surface; control syntax extracted; full per-state semantics need validation,
C-arena-GamePreview-GamePreview-002,components/arena/GamePreview.tsx,410,S06,ArenaButton,"entry ? ""In your season book"" : ""Save to season book""",control template,onPress: onSave,ST04; ST05; ST07; ST08; ST09; ST10; ST11; ST12; ST17,Home/Season book segment or tab; no dedicated return-to-origin,route import graph — rendering conditions need inspection,code-inspected surface; control syntax extracted; full per-state semantics need validation,
C-arena-PlayoffSeries-PlayoffSeries-001,components/arena/PlayoffSeries.tsx,29,S04,Pressable,`Open ${item.away_team_abbrev} at ${item.home_team_abbrev} on ${item.game_date}`,control template,onPress: () => onOpen(item),ST09; ST10,Game Preview section; phase guide does not change actual season,route import graph — rendering conditions need inspection,code-inspected surface; control syntax extracted; full per-state semantics need validation,
C-arena-SeasonBook-SeasonBook-001,components/arena/SeasonBook.tsx,98,S07,Pressable,`Open saved ${entry.game.away_team_abbrev} at ${entry.game.home_team_abbrev}`,control template,onPress: () => onOpen(current),ST03; ST05; ST06; ST07; ST09; ST10; ST11; ST18,Home/Preview section; no undo for removal,route import graph — rendering conditions need inspection,code-inspected surface; control syntax extracted; full per-state semantics need validation,
C-arena-SeasonBook-SeasonBook-002,components/arena/SeasonBook.tsx,212,S07,Pressable,`Remove ${entry.game.away_team_abbrev} at ${entry.game.home_team_abbrev} from season book`,control template,onPress: () => onRemove(entry.game.id),ST03; ST05; ST06; ST07; ST09; ST10; ST11; ST18,Home/Preview section; no undo for removal,route import graph — rendering conditions need inspection,code-inspected surface; control syntax extracted; full per-state semantics need validation,
C-arena-SeasonHub-SeasonClubhouse-001,components/arena/SeasonHub.tsx,74,S03,ArenaButton,Build your watchlist,control template,onPress: () => router.push('/(tabs)/players'),ST06; ST07; ST08,Home tabs remain; Settings independent of games,route import graph — rendering conditions need inspection,code-inspected surface; control syntax extracted; full per-state semantics need validation,
C-arena-SeasonHub-SeasonClubhouse-002,components/arena/SeasonHub.tsx,76,S03,ArenaButton,Your teams,control template,onPress: () => router.push('/(tabs)/following'),ST06; ST07; ST08,Home tabs remain; Settings independent of games,route import graph — rendering conditions need inspection,code-inspected surface; control syntax extracted; full per-state semantics need validation,
C-arena-SeasonHub-SeasonClubhouse-003,components/arena/SeasonHub.tsx,77,S03,ArenaButton,Season book,control template,onPress: onBook,ST06; ST07; ST08,Home tabs remain; Settings independent of games,route import graph — rendering conditions need inspection,code-inspected surface; control syntax extracted; full per-state semantics need validation,
C-arena-SeasonHub-SeasonGuide-001,components/arena/SeasonHub.tsx,101,S03,Pressable,Your year on the ice,control template,onPress: () => setExpanded(value => !value),ST06; ST07; ST08,Home tabs remain; Settings independent of games,route import graph — rendering conditions need inspection,code-inspected surface; control syntax extracted; full per-state semantics need validation,
C-arena-SeasonHub-SeasonGuide-002,components/arena/SeasonHub.tsx,106,S03,View,[no explicit label],layout / feedback hook,onLayout: event => setRinkWidth(event.nativeEvent.layout.width),ST06; ST07; ST08,Home tabs remain; Settings independent of games,route import graph — rendering conditions need inspection,code-inspected surface; control syntax extracted; full per-state semantics need validation,
C-arena-SeasonHub-SeasonGuide-003,components/arena/SeasonHub.tsx,118,S03,Pressable,"`${entry.label}${phase === entry.key ? ', current chapter' : ''}`",control template,"onPress: () => choose(entry.key, index)",ST06; ST07; ST08,Home tabs remain; Settings independent of games,route import graph — rendering conditions need inspection,code-inspected surface; control syntax extracted; full per-state semantics need validation,
C-arena-SeasonHub-SeasonGuide-004,components/arena/SeasonHub.tsx,126,S03,Pressable,[no explicit label],control template,onPress: selected === 'offseason' || selected === 'preseason' ? () => router.push('/(tabs)/players') : onBook,ST06; ST07; ST08,Home tabs remain; Settings independent of games,route import graph — rendering conditions need inspection,code-inspected surface; control syntax extracted; full per-state semantics need validation,
C-arena-TonightScreen-TonightScreen-001,components/arena/TonightScreen.tsx,175,S02,RefreshControl,[no explicit label],control template,"onRefresh: () => {
              void refresh();
              void reloadBook();
            }",ST03; ST04; ST05; ST06; ST07; ST08; ST09; ST10; ST17; ST19,Tab destinations; internal sections do not have a native back stack,route import graph — rendering conditions need inspection,code-inspected surface; control syntax extracted; full per-state semantics need validation,
C-arena-TonightScreen-TonightScreen-002,components/arena/TonightScreen.tsx,198,S02,Pressable,[no explicit label],control template,onPress: () => setSection(key),ST03; ST04; ST05; ST06; ST07; ST08; ST09; ST10; ST17; ST19,Tab destinations; internal sections do not have a native back stack,route import graph — rendering conditions need inspection,code-inspected surface; control syntax extracted; full per-state semantics need validation,
C-arena-TonightScreen-TonightScreen-003,components/arena/TonightScreen.tsx,264,S02,SeasonClubhouse,[no explicit label],component callback binding,onBook: () => setSection('book'),ST03; ST04; ST05; ST06; ST07; ST08; ST09; ST10; ST17; ST19,Tab destinations; internal sections do not have a native back stack,route import graph — rendering conditions need inspection,code-inspected surface; control syntax extracted; full per-state semantics need validation,
C-arena-TonightScreen-TonightScreen-004,components/arena/TonightScreen.tsx,264,S02,GamePoster,[no explicit label],component callback binding,"onSave: () => {
                if (featured) void save(featured);
              }; onPreview: () => {
                if (featured) openGame(featured);
              }",ST03; ST04; ST05; ST06; ST07; ST08; ST09; ST10; ST17; ST19,Tab destinations; internal sections do not have a native back stack,route import graph — rendering conditions need inspection,code-inspected surface; control syntax extracted; full per-state semantics need validation,
C-arena-TonightScreen-TonightScreen-005,components/arena/TonightScreen.tsx,275,S02,PlayoffSeries,[no explicit label],component callback binding,onOpen: openGame,ST03; ST04; ST05; ST06; ST07; ST08; ST09; ST10; ST17; ST19,Tab destinations; internal sections do not have a native back stack,route import graph — rendering conditions need inspection,code-inspected surface; control syntax extracted; full per-state semantics need validation,
C-arena-TonightScreen-TonightScreen-006,components/arena/TonightScreen.tsx,277,S02,Pressable,Next on the league calendar / /,control template,onPress: () => openGame(seasonContext.nextGame!),ST03; ST04; ST05; ST06; ST07; ST08; ST09; ST10; ST17; ST19,Tab destinations; internal sections do not have a native back stack,route import graph — rendering conditions need inspection,code-inspected surface; control syntax extracted; full per-state semantics need validation,
C-arena-TonightScreen-TonightScreen-007,components/arena/TonightScreen.tsx,281,S02,SeasonGuide,[no explicit label],component callback binding,onBook: () => setSection('book'),ST03; ST04; ST05; ST06; ST07; ST08; ST09; ST10; ST17; ST19,Tab destinations; internal sections do not have a native back stack,route import graph — rendering conditions need inspection,code-inspected surface; control syntax extracted; full per-state semantics need validation,
C-arena-TonightScreen-TonightScreen-008,components/arena/TonightScreen.tsx,282,S02,Pressable,[no explicit label],control template,onPress: () => setShowArchive(value => !value),ST03; ST04; ST05; ST06; ST07; ST08; ST09; ST10; ST17; ST19,Tab destinations; internal sections do not have a native back stack,route import graph — rendering conditions need inspection,code-inspected surface; control syntax extracted; full per-state semantics need validation,
C-arena-TonightScreen-TonightScreen-009,components/arena/TonightScreen.tsx,314,S02,Pressable,`Preview ${game.away_team_abbrev} at ${game.home_team_abbrev}`,control template,onPress: () => openGame(game),ST03; ST04; ST05; ST06; ST07; ST08; ST09; ST10; ST17; ST19,Tab destinations; internal sections do not have a native back stack,route import graph — rendering conditions need inspection,code-inspected surface; control syntax extracted; full per-state semantics need validation,
C-arena-TonightScreen-TonightScreen-010,components/arena/TonightScreen.tsx,419,S02,GamePreview,[no explicit label],component callback binding,onSave: () => void save(selected),ST03; ST04; ST05; ST06; ST07; ST08; ST09; ST10; ST17; ST19,Tab destinations; internal sections do not have a native back stack,route import graph — rendering conditions need inspection,code-inspected surface; control syntax extracted; full per-state semantics need validation,
C-arena-TonightScreen-TonightScreen-011,components/arena/TonightScreen.tsx,431,S02,SeasonBook,[no explicit label],component callback binding,onOpen: openGame; onRemove: (id) => void remove(id),ST03; ST04; ST05; ST06; ST07; ST08; ST09; ST10; ST17; ST19,Tab destinations; internal sections do not have a native back stack,route import graph — rendering conditions need inspection,code-inspected surface; control syntax extracted; full per-state semantics need validation,
C-dashboard-AlertsModule-SwipeableAlertCard-001,components/dashboard/AlertsModule.tsx,163,,Animated.View,Dismiss / Save / Saved!,layout / feedback hook,"onLayout: (e) => {
          if (measuredHeight.current === 0) {
            const h = e.nativeEvent.layout.height;
            measuredHeight.current = h;
            collapseHeight.value = h;
          }
        }",,,no route import path — excluded from current navigation,code-extracted; excluded or callback infrastructure,"No path from current route import graph; retain as legacy source inventory, not active app functionality."
C-dashboard-AlertsModule-AlertsModule-001,components/dashboard/AlertsModule.tsx,276,,SwipeableAlertCard,[no explicit label],component callback binding,onDismissCard: handleDismiss; onSaveCard: handleSave,,,no route import path — excluded from current navigation,code-extracted; excluded or callback infrastructure,"No path from current route import graph; retain as legacy source inventory, not active app functionality."
C-dashboard-DailyInsightModule-DailyInsightModule-001,components/dashboard/DailyInsightModule.tsx,67,,Pressable,insight-tap,control template,"onPress: () => setExpanded(!expanded); onPressIn: () => { pressed.value = withTiming(rinkGlass.pressScale, { duration: 100 }); }; onPressOut: () => { pressed.value = withTiming(1, { duration: 100 }); }",,,no route import path — excluded from current navigation,code-extracted; excluded or callback infrastructure,"No path from current route import graph; retain as legacy source inventory, not active app functionality."
C-dashboard-DailyInsightModule-DailyInsightModule-002,components/dashboard/DailyInsightModule.tsx,81,,Pressable,share-button,control template,NO DIRECT EVENT HANDLER — inspect spread/parent before classifying,,,no route import path — excluded from current navigation,code-extracted; excluded or callback infrastructure,"No path from current route import graph; retain as legacy source inventory, not active app functionality."
C-dashboard-DashboardContainer-DashboardContainer-001,components/dashboard/DashboardContainer.tsx,89,,ModulePicker,[no explicit label],component callback binding,onComplete: handlePickerComplete,,,no route import path — excluded from current navigation,code-extracted; excluded or callback infrastructure,"No path from current route import graph; retain as legacy source inventory, not active app functionality."
C-dashboard-DashboardContainer-DashboardContainer-002,components/dashboard/DashboardContainer.tsx,93,,TouchableOpacity,edit-mode-button,control template,onPress: () => setEditMode((prev) => !prev),,,no route import path — excluded from current navigation,code-extracted; excluded or callback infrastructure,"No path from current route import graph; retain as legacy source inventory, not active app functionality."
C-dashboard-DashboardContainer-DashboardContainer-003,components/dashboard/DashboardContainer.tsx,119,,Switch,`toggle-${mod.id}`,control template,onValueChange: () => handleToggle(mod.id),,,no route import path — excluded from current navigation,code-extracted; excluded or callback infrastructure,"No path from current route import graph; retain as legacy source inventory, not active app functionality."
C-dashboard-MatchupEdgeModule-MatchupCard-001,components/dashboard/MatchupEdgeModule.tsx,52,,Pressable,vs / proj pts,control template,"onPress: () => setExpanded(!expanded); onPressIn: () => { pressed.value = withTiming(rinkGlass.pressScale, { duration: 100 }); }; onPressOut: () => { pressed.value = withTiming(1, { duration: 100 }); }",,,no route import path — excluded from current navigation,code-extracted; excluded or callback infrastructure,"No path from current route import graph; retain as legacy source inventory, not active app functionality."
C-dashboard-ModulePicker-ModulePicker-001,components/dashboard/ModulePicker.tsx,42,,Modal,What matters to you? / Pick the modules you want on your dashboard. You can change this anytime. / Let's Go,surface exit,NO DIRECT EVENT HANDLER — inspect spread/parent before classifying,,,no route import path — excluded from current navigation,code-extracted; excluded or callback infrastructure,"No path from current route import graph; retain as legacy source inventory, not active app functionality."
C-dashboard-ModulePicker-ModulePicker-002,components/dashboard/ModulePicker.tsx,54,,TouchableOpacity,`picker-${id}`,control template,onPress: () => toggle(id),,,no route import path — excluded from current navigation,code-extracted; excluded or callback infrastructure,"No path from current route import graph; retain as legacy source inventory, not active app functionality."
C-dashboard-ModulePicker-ModulePicker-003,components/dashboard/ModulePicker.tsx,78,,TouchableOpacity,Let's Go,control template,onPress: handleConfirm,,,no route import path — excluded from current navigation,code-extracted; excluded or callback infrastructure,"No path from current route import graph; retain as legacy source inventory, not active app functionality."
C-dashboard-StartSitModule-PlayerCard-001,components/dashboard/StartSitModule.tsx,268,,TouchableOpacity,`toggle-${player.id}`,control template,onPress: handleToggle,,,no route import path — excluded from current navigation,code-extracted; excluded or callback infrastructure,"No path from current route import graph; retain as legacy source inventory, not active app functionality."
C-dashboard-StartSitModule-StartSitModule-001,components/dashboard/StartSitModule.tsx,337,,PlayerCard,[no explicit label],component callback binding,onDismissCard: handleDismiss; onPinCard: handlePin,,,no route import path — excluded from current navigation,code-extracted; excluded or callback infrastructure,"No path from current route import graph; retain as legacy source inventory, not active app functionality."
C-dashboard-TrendingModule-TrendingCard-001,components/dashboard/TrendingModule.tsx,81,,TouchableOpacity,L / PTS / Total · L / Avg / GP / Watch,control template,onPress: handleFlip,,,no route import path — excluded from current navigation,code-extracted; excluded or callback infrastructure,"No path from current route import graph; retain as legacy source inventory, not active app functionality."
C-dashboard-TrendingModule-TrendingCard-002,components/dashboard/TrendingModule.tsx,137,,TouchableOpacity,Watch,control template,onPress: () => onWatch?.(player.id),,,no route import path — excluded from current navigation,code-extracted; excluded or callback infrastructure,"No path from current route import graph; retain as legacy source inventory, not active app functionality."
C-dashboard-TrendingModule-renderItem-001,components/dashboard/TrendingModule.tsx,161,,TrendingCard,[no explicit label],component callback binding,onWatch: onWatch,,,no route import path — excluded from current navigation,code-extracted; excluded or callback infrastructure,"No path from current route import graph; retain as legacy source inventory, not active app functionality."
C-dashboard-WaiverWireModule-WaiverCard-001,components/dashboard/WaiverWireModule.tsx,35,,Pressable,· / % owned / + / Add / Pickup / Current,control template,"onPressIn: () => { pressed.value = withTiming(rinkGlass.pressScale, { duration: 100 }); }; onPressOut: () => { pressed.value = withTiming(1, { duration: 100 }); }",,,no route import path — excluded from current navigation,code-extracted; excluded or callback infrastructure,"No path from current route import graph; retain as legacy source inventory, not active app functionality."
C-dashboard-WaiverWireModule-WaiverCard-002,components/dashboard/WaiverWireModule.tsx,65,,TouchableOpacity,[no explicit label],control template,onPress: () => setExpanded(!expanded),,,no route import path — excluded from current navigation,code-extracted; excluded or callback infrastructure,"No path from current route import graph; retain as legacy source inventory, not active app functionality."
C-dashboard-WaiverWireModule-WaiverCard-003,components/dashboard/WaiverWireModule.tsx,74,,TouchableOpacity,Add,control template,onPress: () => setAdded(!added),,,no route import path — excluded from current navigation,code-extracted; excluded or callback infrastructure,"No path from current route import graph; retain as legacy source inventory, not active app functionality."
C-design-system-Button-Button-001,components/design-system/Button.tsx,22,,Pressable,[no explicit label],control template,onPress: onPress,,,no route import path — excluded from current navigation,code-extracted; excluded or callback infrastructure,"No path from current route import graph; retain as legacy source inventory, not active app functionality."
C-model-builder-BacktestPanel-renderDateRangeSelector-001,components/model-builder/BacktestPanel.tsx,202,S20,TouchableOpacity,30 Days,control template,onPress: () => setSelectedRange('last30'),ST04; ST05; ST06; ST11,No explicit running replay cancel; editor can close,route import graph — rendering conditions need inspection,code-inspected surface; control syntax extracted; full per-state semantics need validation,
C-model-builder-BacktestPanel-renderDateRangeSelector-002,components/model-builder/BacktestPanel.tsx,220,S20,TouchableOpacity,3 Months,control template,onPress: () => setSelectedRange('last90'),ST04; ST05; ST06; ST11,No explicit running replay cancel; editor can close,route import graph — rendering conditions need inspection,code-inspected surface; control syntax extracted; full per-state semantics need validation,
C-model-builder-BacktestPanel-renderDateRangeSelector-003,components/model-builder/BacktestPanel.tsx,238,S20,TouchableOpacity,Season,control template,onPress: () => setSelectedRange('season'),ST04; ST05; ST06; ST11,No explicit running replay cancel; editor can close,route import graph — rendering conditions need inspection,code-inspected surface; control syntax extracted; full per-state semantics need validation,
C-model-builder-BacktestPanel-BacktestPanel-001,components/model-builder/BacktestPanel.tsx,336,S20,TouchableOpacity,Download Data,control template,onPress: handleSeedPrompt,ST04; ST05; ST06; ST11,No explicit running replay cancel; editor can close,route import graph — rendering conditions need inspection,code-inspected surface; control syntax extracted; full per-state semantics need validation,
C-model-builder-BacktestPanel-BacktestPanel-002,components/model-builder/BacktestPanel.tsx,405,S20,TouchableOpacity,Run replay,control template,onPress: handleRunBacktest,ST04; ST05; ST06; ST11,No explicit running replay cancel; editor can close,route import graph — rendering conditions need inspection,code-inspected surface; control syntax extracted; full per-state semantics need validation,
C-model-builder-FactorEditor-renderCategorySection-001,components/model-builder/FactorEditor.tsx,235,S17,TouchableOpacity,Reset,control template,onPress: () => toggleCategory(category),ST18; ST19,Outer Modal Android request-close bypasses editor discard confirmation,route import graph — rendering conditions need inspection,code-inspected surface; control syntax extracted; full per-state semantics need validation,
C-model-builder-FactorEditor-renderCategorySection-002,components/model-builder/FactorEditor.tsx,253,S17,TouchableOpacity,Reset,control template,"onPress: (e) => {
                  e.stopPropagation();
                  resetCategory(category);
                }",ST18; ST19,Outer Modal Android request-close bypasses editor discard confirmation,route import graph — rendering conditions need inspection,code-inspected surface; control syntax extracted; full per-state semantics need validation,
C-model-builder-FactorEditor-renderCategorySection-003,components/model-builder/FactorEditor.tsx,279,S17,WeightSlider,factor.name,component callback binding,"onChange: (value) => handleWeightChange(factor.key, value); onDragStart: onSliderDragStart; onDragEnd: onSliderDragEnd",ST18; ST19,Outer Modal Android request-close bypasses editor discard confirmation,route import graph — rendering conditions need inspection,code-inspected surface; control syntax extracted; full per-state semantics need validation,
C-model-builder-FactorEditor-FactorEditor-001,components/model-builder/FactorEditor.tsx,307,S17,TouchableOpacity,Reset All to Defaults,control template,onPress: resetAll,ST18; ST19,Outer Modal Android request-close bypasses editor discard confirmation,route import graph — rendering conditions need inspection,code-inspected surface; control syntax extracted; full per-state semantics need validation,
C-model-builder-LivePreview-LivePreview-001,components/model-builder/LivePreview.tsx,369,S20,TouchableOpacity,Compare vs Classic,control template,onPress: toggleClassicComparison,ST04; ST05; ST06; ST11,No explicit running replay cancel; editor can close,route import graph — rendering conditions need inspection,code-inspected surface; control syntax extracted; full per-state semantics need validation,
C-model-builder-ModelEditScreen-ModelEditScreen-001,components/model-builder/ModelEditScreen.tsx,220,S17,TouchableOpacity,Cancel,control template,onPress: handleCancel,ST18; ST19,Outer Modal Android request-close bypasses editor discard confirmation,route import graph — rendering conditions need inspection,code-inspected surface; control syntax extracted; full per-state semantics need validation,
C-model-builder-ModelEditScreen-ModelEditScreen-002,components/model-builder/ModelEditScreen.tsx,230,S17,TouchableOpacity,Save,control template,onPress: handleSave,ST18; ST19,Outer Modal Android request-close bypasses editor discard confirmation,route import graph — rendering conditions need inspection,code-inspected surface; control syntax extracted; full per-state semantics need validation,
C-model-builder-ModelEditScreen-ModelEditScreen-003,components/model-builder/ModelEditScreen.tsx,255,S17,TextInput,Enter model name...,control template,onChangeText: handleNameChange; onBlur: handleNameBlur,ST18; ST19,Outer Modal Android request-close bypasses editor discard confirmation,route import graph — rendering conditions need inspection,code-inspected surface; control syntax extracted; full per-state semantics need validation,
C-model-builder-ModelEditScreen-ModelEditScreen-004,components/model-builder/ModelEditScreen.tsx,282,S17,TouchableOpacity,Live Preview,control template,onPress: togglePreview,ST18; ST19,Outer Modal Android request-close bypasses editor discard confirmation,route import graph — rendering conditions need inspection,code-inspected surface; control syntax extracted; full per-state semantics need validation,
C-model-builder-ModelEditScreen-ModelEditScreen-005,components/model-builder/ModelEditScreen.tsx,316,S17,BacktestPanel,[no explicit label],component callback binding,onSaveResults: handleBacktestResultsSave; onSeedPrompt: handleSeedPrompt,ST18; ST19,Outer Modal Android request-close bypasses editor discard confirmation,route import graph — rendering conditions need inspection,code-inspected surface; control syntax extracted; full per-state semantics need validation,
C-model-builder-ModelEditScreen-ModelEditScreen-006,components/model-builder/ModelEditScreen.tsx,353,S17,FactorEditor,[no explicit label],component callback binding,onChange: handleWeightsChange; onSliderDragStart: () => setScrollEnabled(false); onSliderDragEnd: () => setScrollEnabled(true),ST18; ST19,Outer Modal Android request-close bypasses editor discard confirmation,route import graph — rendering conditions need inspection,code-inspected surface; control syntax extracted; full per-state semantics need validation,
C-model-builder-ModelEditScreen-ModelEditScreen-007,components/model-builder/ModelEditScreen.tsx,367,S17,DataSeedingModal,[no explicit label],component callback binding,onClose: () => setSeedingModalVisible(false),ST18; ST19,Outer Modal Android request-close bypasses editor discard confirmation,route import graph — rendering conditions need inspection,code-inspected surface; control syntax extracted; full per-state semantics need validation,
C-model-builder-ModelList-renderModelCard-001,components/model-builder/ModelList.tsx,147,S16; S18,TouchableOpacity,Classic / Active / 4-factor replay / % / vs Classic replay / pp / Games / No four-factor replay yet / Edit / Duplicate / Delete,control template,onPress: () => handleActivate(model),ST03; ST04; ST11; ST18,Visible tabs only; no app header/back; does not control Arena ML forecasts | Cancel/backdrop/native request-close; inner no-op Pressable is backdrop interception,route import graph — rendering conditions need inspection,code-inspected surface; control syntax extracted; full per-state semantics need validation,
C-model-builder-ModelList-renderModelCard-002,components/model-builder/ModelList.tsx,219,S16; S18,TouchableOpacity,Edit,control template,onPress: () => onEditModel(model),ST03; ST04; ST11; ST18,Visible tabs only; no app header/back; does not control Arena ML forecasts | Cancel/backdrop/native request-close; inner no-op Pressable is backdrop interception,route import graph — rendering conditions need inspection,code-inspected surface; control syntax extracted; full per-state semantics need validation,
C-model-builder-ModelList-renderModelCard-003,components/model-builder/ModelList.tsx,228,S16; S18,TouchableOpacity,Duplicate,control template,onPress: () => handleDuplicate(model),ST03; ST04; ST11; ST18,Visible tabs only; no app header/back; does not control Arena ML forecasts | Cancel/backdrop/native request-close; inner no-op Pressable is backdrop interception,route import graph — rendering conditions need inspection,code-inspected surface; control syntax extracted; full per-state semantics need validation,
C-model-builder-ModelList-renderModelCard-004,components/model-builder/ModelList.tsx,237,S16; S18,TouchableOpacity,Delete,control template,onPress: () => handleDelete(model),ST03; ST04; ST11; ST18,Visible tabs only; no app header/back; does not control Arena ML forecasts | Cancel/backdrop/native request-close; inner no-op Pressable is backdrop interception,route import graph — rendering conditions need inspection,code-inspected surface; control syntax extracted; full per-state semantics need validation,
C-model-builder-ModelList-ModelList-001,components/model-builder/ModelList.tsx,281,S16; S18,RefreshControl,[no explicit label],control template,onRefresh: onRefresh,ST03; ST04; ST11; ST18,Visible tabs only; no app header/back; does not control Arena ML forecasts | Cancel/backdrop/native request-close; inner no-op Pressable is backdrop interception,route import graph — rendering conditions need inspection,code-inspected surface; control syntax extracted; full per-state semantics need validation,
C-model-builder-ModelList-ModelList-002,components/model-builder/ModelList.tsx,300,S16; S18,TouchableOpacity,model-create-fab,control template,onPress: onNewModel,ST03; ST04; ST11; ST18,Visible tabs only; no app header/back; does not control Arena ML forecasts | Cancel/backdrop/native request-close; inner no-op Pressable is backdrop interception,route import graph — rendering conditions need inspection,code-inspected surface; control syntax extracted; full per-state semantics need validation,
C-model-builder-ModelList-ModelList-003,components/model-builder/ModelList.tsx,310,S16; S18,Modal,Duplicate Model / Enter a name for the new model: / Cancel / Duplicate,surface exit,onRequestClose: closeDuplicateModal,ST03; ST04; ST11; ST18,Visible tabs only; no app header/back; does not control Arena ML forecasts | Cancel/backdrop/native request-close; inner no-op Pressable is backdrop interception,route import graph — rendering conditions need inspection,code-inspected surface; control syntax extracted; full per-state semantics need validation,
C-model-builder-ModelList-ModelList-004,components/model-builder/ModelList.tsx,316,S16; S18,Pressable,Duplicate Model / Enter a name for the new model: / Cancel / Duplicate,control template,onPress: closeDuplicateModal,ST03; ST04; ST11; ST18,Visible tabs only; no app header/back; does not control Arena ML forecasts | Cancel/backdrop/native request-close; inner no-op Pressable is backdrop interception,route import graph — rendering conditions need inspection,code-inspected surface; control syntax extracted; full per-state semantics need validation,
C-model-builder-ModelList-ModelList-005,components/model-builder/ModelList.tsx,320,S16; S18,Pressable,Duplicate Model / Enter a name for the new model: / Cancel / Duplicate,control template,onPress: () => {},ST03; ST04; ST11; ST18,Visible tabs only; no app header/back; does not control Arena ML forecasts | Cancel/backdrop/native request-close; inner no-op Pressable is backdrop interception,route import graph — rendering conditions need inspection,code-inspected surface; control syntax extracted; full per-state semantics need validation,
C-model-builder-ModelList-ModelList-006,components/model-builder/ModelList.tsx,325,S16; S18,TextInput,Model name,control template,onChangeText: setDuplicateName,ST03; ST04; ST11; ST18,Visible tabs only; no app header/back; does not control Arena ML forecasts | Cancel/backdrop/native request-close; inner no-op Pressable is backdrop interception,route import graph — rendering conditions need inspection,code-inspected surface; control syntax extracted; full per-state semantics need validation,
C-model-builder-ModelList-ModelList-007,components/model-builder/ModelList.tsx,335,S16; S18,TouchableOpacity,Cancel,control template,onPress: closeDuplicateModal,ST03; ST04; ST11; ST18,Visible tabs only; no app header/back; does not control Arena ML forecasts | Cancel/backdrop/native request-close; inner no-op Pressable is backdrop interception,route import graph — rendering conditions need inspection,code-inspected surface; control syntax extracted; full per-state semantics need validation,
C-model-builder-ModelList-ModelList-008,components/model-builder/ModelList.tsx,341,S16; S18,TouchableOpacity,Duplicate,control template,onPress: confirmDuplicate,ST03; ST04; ST11; ST18,Visible tabs only; no app header/back; does not control Arena ML forecasts | Cancel/backdrop/native request-close; inner no-op Pressable is backdrop interception,route import graph — rendering conditions need inspection,code-inspected surface; control syntax extracted; full per-state semantics need validation,
C-model-builder-WeightSlider-WeightSlider-001,components/model-builder/WeightSlider.tsx,85,S19,Pressable,[no explicit label],control template,onPress: () => setShowTooltip(true),ST18,Backdrop/close/native request-close; labels and slider accessibility need runtime check,route import graph — rendering conditions need inspection,code-inspected surface; control syntax extracted; full per-state semantics need validation,
C-model-builder-WeightSlider-WeightSlider-002,components/model-builder/WeightSlider.tsx,99,S19,View,[no explicit label],component callback binding,"onStartShouldSetResponder: () => true; onMoveShouldSetResponder: () => true; onTouchStart: () => {
          // Disable scroll immediately when touching slider area
          onDragStart?.();
        }; onTouchEnd: () => {
          // Re-enable scroll after touch ends (with delay)
          setTimeout(() => {
            onDragEnd?.();
          }, 150);
        }",ST18,Backdrop/close/native request-close; labels and slider accessibility need runtime check,route import graph — rendering conditions need inspection,code-inspected surface; control syntax extracted; full per-state semantics need validation,
C-model-builder-WeightSlider-WeightSlider-003,components/model-builder/WeightSlider.tsx,113,S19,Slider,[no explicit label],control template,"onValueChange: setLocalValue; onSlidingStart: () => {
            setIsDragging(true);
          }; onSlidingComplete: (val) => {
            setIsDragging(false);
            onChange(val);
          }",ST18,Backdrop/close/native request-close; labels and slider accessibility need runtime check,route import graph — rendering conditions need inspection,code-inspected surface; control syntax extracted; full per-state semantics need validation,
C-model-builder-WeightSlider-WeightSlider-004,components/model-builder/WeightSlider.tsx,139,S19,Modal,Range: / - / Default: / Current: / Reset to Default,surface exit,onRequestClose: () => setShowTooltip(false),ST18,Backdrop/close/native request-close; labels and slider accessibility need runtime check,route import graph — rendering conditions need inspection,code-inspected surface; control syntax extracted; full per-state semantics need validation,
C-model-builder-WeightSlider-WeightSlider-005,components/model-builder/WeightSlider.tsx,145,S19,Pressable,Range: / - / Default: / Current: / Reset to Default,control template,onPress: () => setShowTooltip(false),ST18,Backdrop/close/native request-close; labels and slider accessibility need runtime check,route import graph — rendering conditions need inspection,code-inspected surface; control syntax extracted; full per-state semantics need validation,
C-model-builder-WeightSlider-WeightSlider-006,components/model-builder/WeightSlider.tsx,152,S19,TouchableOpacity,[no explicit label],control template,onPress: () => setShowTooltip(false),ST18,Backdrop/close/native request-close; labels and slider accessibility need runtime check,route import graph — rendering conditions need inspection,code-inspected surface; control syntax extracted; full per-state semantics need validation,
C-model-builder-WeightSlider-WeightSlider-007,components/model-builder/WeightSlider.tsx,178,S19,Pressable,Reset to Default,control template,"onPress: () => {
                onChange(defaultValue);
                setShowTooltip(false);
              }",ST18,Backdrop/close/native request-close; labels and slider accessibility need runtime check,route import graph — rendering conditions need inspection,code-inspected surface; control syntax extracted; full per-state semantics need validation,
C-onboarding-OnboardingFlow-renderScreen-001,components/onboarding/OnboardingFlow.tsx,98,,WelcomeScreen,[no explicit label],component callback binding,onContinueWithApple: handleApple; onContinueWithGoogle: handleGoogle; onSkip: handleSkipAuth,,,no route import path — excluded from current navigation,code-extracted; excluded or callback infrastructure,"No path from current route import graph; retain as legacy source inventory, not active app functionality."
C-onboarding-OnboardingFlow-renderScreen-002,components/onboarding/OnboardingFlow.tsx,113,,PlatformPicker,[no explicit label],component callback binding,onSelect: handlePlatformSelect,,,no route import path — excluded from current navigation,code-extracted; excluded or callback infrastructure,"No path from current route import graph; retain as legacy source inventory, not active app functionality."
C-onboarding-OnboardingFlow-renderScreen-003,components/onboarding/OnboardingFlow.tsx,124,,RosterSetup,[no explicit label],component callback binding,onContinue: handleRosterContinue; onSkip: handleRosterSkip,,,no route import path — excluded from current navigation,code-extracted; excluded or callback infrastructure,"No path from current route import graph; retain as legacy source inventory, not active app functionality."
C-onboarding-OnboardingFlow-renderScreen-004,components/onboarding/OnboardingFlow.tsx,135,,TonightPreview,[no explicit label],component callback binding,onStartTrial: handleStartTrial; onContinueFree: handleContinueFree,,,no route import path — excluded from current navigation,code-extracted; excluded or callback infrastructure,"No path from current route import graph; retain as legacy source inventory, not active app functionality."
C-onboarding-PlatformPicker-PlatformPicker-001,components/onboarding/PlatformPicker.tsx,51,,TouchableOpacity,platform.label,control template,onPress: () => handleSelect(platform.id),,,no route import path — excluded from current navigation,code-extracted; excluded or callback infrastructure,"No path from current route import graph; retain as legacy source inventory, not active app functionality."
C-onboarding-PlatformPicker-PlatformPicker-002,components/onboarding/PlatformPicker.tsx,90,,TouchableOpacity,Skip — just browsing,control template,onPress: () => handleSelect('browsing'),,,no route import path — excluded from current navigation,code-extracted; excluded or callback infrastructure,"No path from current route import graph; retain as legacy source inventory, not active app functionality."
C-onboarding-RosterSetup-RosterSetup-001,components/onboarding/RosterSetup.tsx,87,,TextInput,Search player names...,control template,onChangeText: searchPlayers,,,no route import path — excluded from current navigation,code-extracted; excluded or callback infrastructure,"No path from current route import graph; retain as legacy source inventory, not active app functionality."
C-onboarding-RosterSetup-RosterSetup-002,components/onboarding/RosterSetup.tsx,102,,TouchableOpacity,`Remove ${player.name}`,control template,onPress: () => removePlayer(player.id),,,no route import path — excluded from current navigation,code-extracted; excluded or callback infrastructure,"No path from current route import graph; retain as legacy source inventory, not active app functionality."
C-onboarding-RosterSetup-RosterSetup-003,components/onboarding/RosterSetup.tsx,119,,TouchableOpacity,`Add ${item.name}`,control template,onPress: () => addPlayer(item),,,no route import path — excluded from current navigation,code-extracted; excluded or callback infrastructure,"No path from current route import graph; retain as legacy source inventory, not active app functionality."
C-onboarding-RosterSetup-RosterSetup-004,components/onboarding/RosterSetup.tsx,138,,TouchableOpacity,Continue,control template,onPress: () => onContinue(addedPlayers),,,no route import path — excluded from current navigation,code-extracted; excluded or callback infrastructure,"No path from current route import graph; retain as legacy source inventory, not active app functionality."
C-onboarding-RosterSetup-RosterSetup-005,components/onboarding/RosterSetup.tsx,149,,TouchableOpacity,Skip — I'll do this later,control template,onPress: onSkip,,,no route import path — excluded from current navigation,code-extracted; excluded or callback infrastructure,"No path from current route import graph; retain as legacy source inventory, not active app functionality."
C-onboarding-TonightPreview-TonightPreview-001,components/onboarding/TonightPreview.tsx,109,,TouchableOpacity,Start Free Trial,control template,onPress: onStartTrial,,,no route import path — excluded from current navigation,code-extracted; excluded or callback infrastructure,"No path from current route import graph; retain as legacy source inventory, not active app functionality."
C-onboarding-TonightPreview-TonightPreview-002,components/onboarding/TonightPreview.tsx,121,,TouchableOpacity,Continue Free,control template,onPress: onContinueFree,,,no route import path — excluded from current navigation,code-extracted; excluded or callback infrastructure,"No path from current route import graph; retain as legacy source inventory, not active app functionality."
C-onboarding-WelcomeScreen-WelcomeScreen-001,components/onboarding/WelcomeScreen.tsx,43,,TouchableOpacity,Continue with Apple,control template,onPress: onContinueWithApple,,,no route import path — excluded from current navigation,code-extracted; excluded or callback infrastructure,"No path from current route import graph; retain as legacy source inventory, not active app functionality."
C-onboarding-WelcomeScreen-WelcomeScreen-002,components/onboarding/WelcomeScreen.tsx,54,,TouchableOpacity,Continue with Google,control template,onPress: onContinueWithGoogle,,,no route import path — excluded from current navigation,code-extracted; excluded or callback infrastructure,"No path from current route import graph; retain as legacy source inventory, not active app functionality."
C-onboarding-WelcomeScreen-WelcomeScreen-003,components/onboarding/WelcomeScreen.tsx,64,,TouchableOpacity,Skip for now,control template,onPress: onSkip,,,no route import path — excluded from current navigation,code-extracted; excluded or callback infrastructure,"No path from current route import graph; retain as legacy source inventory, not active app functionality."
C-ui-EmptyState-EmptyState-001,components/ui/EmptyState.tsx,29,,TouchableOpacity,[no explicit label],control template,onPress: onAction,,,no route import path — excluded from current navigation,code-extracted; excluded or callback infrastructure,"No path from current route import graph; retain as legacy source inventory, not active app functionality."
